wine_name,sweetness,country_name,vintage_count,ratings_count
Vin Santo di Montepulciano,4.952543,Italie,7,773
St. Henri Shiraz,2.092192,Australie,2,17326
Siepi,1.807986,Italie,5,8129
Solare Toscana,1.7018968,Italie,1,4961
Tenuta Tignanello 'Solaia',1.8885487,Italie,8,33143
Tignanello,1.7224381,Italie,16,142513
Tenuta Guado al Tasso Bolgheri Superiore,1.733469,Italie,4,33392
Pian delle Vigne Brunello di Montalcino,1.6081825,Italie,2,31363
Castello della Sala Cervaro della Sala,2.3621032,Italie,3,30203
Castello della Sala Muffato della Sala,,Italie,1,6356
Chardonnay,2.2345717,États-Unis,1,18694
Amarone della Valpolicella Classico,3.125688,Italie,3,18720
Nicolás Catena Zapata,1.8266736,Argentine,1,28227
Malbec Argentino,2.0987563,Argentine,1,47435
Alàuda,2.1122599,Italie,1,670
Rioja 150 Aniversario,1.5425923,Espagne,1,4642
Puligny-Montrachet 1er Cru 'La Garenne',1.7384791,France,1,442
Monte Bello,1.7522715,États-Unis,1,11978
Cabernet Sauvignon (Signature),1.5901945,États-Unis,1,13730
Merlot (Signature),1.9690887,États-Unis,1,2312
Pauillac (Premier Grand Cru Classé),1.6689028,France,19,39283
Almaviva,1.8851886,Chili,3,48075
Mille E Una Notte,2.389165,Italie,1,15865
Overture,1.6481601,États-Unis,1,16804
Sassicaia,1.7056901,Italie,25,107646
Rutherford,1.6017184,États-Unis,3,16322
Chateau Buena Vista Cabernet Sauvignon Napa Valley,1.6918944,États-Unis,1,13415
Relentless,1.6779581,États-Unis,1,6633
Pavillon Rouge du Château Margaux,1.6214443,France,1,16401
Aphrodite,1.6931167,Australie,1,367
Les Pavots,1.7973351,États-Unis,1,4010
Toscana Batar,2.4811895,Italie,1,4187
Toscana Camartina,1.8209313,Italie,1,3673
Papillon,1.6881932,États-Unis,2,30682
Amarone della Valpolicella Classico,3.249773,Italie,1,77515
Barolo Bricco Rocche,1.5957669,Italie,5,2923
Barolo Prapò,1.5506328,Italie,1,2450
Barolo Brunate,1.640828,Italie,4,4295
Corton-Charlemagne Grand Cru,1.630509,France,3,5755
Romanée-Saint-Vivant Grand Cru Les Quatre Journaux,2.1831164,France,1,731
Torre Muga,1.7484478,Espagne,1,8767
Gran Reserva Ribera del Duero,1.7389879,Espagne,1,2777
Gran Reserva 890,1.7166057,Espagne,1,11347
IX Estate Red,1.8448794,États-Unis,1,2810
Lot 1,1.6270138,États-Unis,1,226
Amarone della Valpolicella Classico,3.279088,Italie,2,27794
Brut Cuvée Champagne Rosé,,France,1,36681
Barolo Bricco Gattera,1.6829987,Italie,1,2365
Barolo Enrico VI,1.6639124,Italie,3,3107
Grand Vin de Château Palmer (Grand Cru Classé),1.696457,France,8,29026
Brunello di Montalcino,1.7140387,Italie,5,25989
Pietradonice,1.8864819,Italie,2,2266
Tenuta Nuova Brunello di Montalcino,1.7909194,Italie,5,20934
Dominus (Christian Moueix),1.683546,États-Unis,1,22117
La Muse,1.6414376,États-Unis,1,1948
La Joie,1.6734424,États-Unis,2,2285
Le Désir,1.4755096,États-Unis,2,1694
Brunello di Montalcino,1.5376806,Italie,3,9171
Altero Brunello di Montalcino,1.5881945,Italie,3,4620
Brunello di Montalcino Riserva,1.5460424,Italie,2,1875
Saint-Émilion Grand Cru (Premier Grand Cru Classé),1.7933086,France,9,22896
The Stork,1.9320465,Afrique du Sud,1,1638
Hermitage La Chapelle Rouge,1.6923082,France,1,15298
Castillo Ygay Gran Reserva Especial Tinto,1.7798774,Espagne,1,23170
Puligny-Montrachet Enseignères,1.5323689,France,1,941
Malleolus,1.8257612,Espagne,1,34630
Malleolus de Sanchomartin,1.8495954,Espagne,1,3655
Capitel Monte Olmi Amarone della Valpolicella Classico Riserva,3.2542012,Italie,1,4229
Toscana I Sodi di San Niccolo,1.7892258,Italie,2,8853
60 Sessantanni Old Vines Primitivo di Manduria,3.1701102,Italie,2,94289
Falletto Barolo,1.6808933,Italie,1,1760
Campo dei Gigli Amarone della Valpolicella,3.2375097,Italie,1,5050
Ribera del Duero Prestigio,2.0192058,Espagne,1,2994
Ribera del Duero Reserva,1.9142109,Espagne,2,37394
Amarone della Valpolicella Classico,3.3462367,Italie,2,48329
Clos Apalta,1.8053383,Chili,2,23256
Barolo Rocche,1.7726882,Italie,5,1615
Montepulciano d'Abruzzo,1.6370007,Italie,2,10110
Brunello di Montalcino Riserva,1.5762314,Italie,2,987
Pauillac (Grand Cru Classé),1.6716634,France,5,47234
Saint-Emilion Grand Cru (Premier Grand Cru Classé),2.0122817,France,2,1986
Les Bessards Hermitage,1.6643351,France,1,1515
Félix Callejo (Viñedos de la Familia),1.9716685,Espagne,2,1341
Bricco dell'Uccellone Barbera d'Asti,1.8737041,Italie,1,17625
Vürsù Barbaresco Starderi,1.6145903,Italie,3,4414
Vürsù Barbaresco Valeirano,1.6161648,Italie,1,3263
Blanc de Blancs Brut Champagne Grand Cru,,France,1,5553
Series C,1.7896918,Afrique du Sud,3,3027
Series M,1.752683,Afrique du Sud,4,2995
Paleo Rosso,1.8423529,Italie,2,10940
Messorio,1.9021307,Italie,9,5514
Scrio,1.7177784,Italie,2,2322
Malbec,2.1518486,Argentine,1,33640
Montrachet Grand Cru Blanc,1.7792037,France,1,700
Musigny Grand Cru,2.04695,France,1,739
Clos Saint Denis Grand Cru,2.0073063,France,2,474
Cabernet Sauvignon,1.6904904,États-Unis,2,28544
Insignia,1.7427489,États-Unis,4,30674
Barolo Sorì Ginestra,1.4964424,Italie,3,4827
Barolo Ginestra Vigna del Gris,1.5149696,Italie,1,3333
Saint-Émilion Grand Cru (Premier Grand Cru Classé),1.6458696,France,4,24916
Barsac (Premier Grand Cru Classé),4.906155,France,4,6028
Galatrona,1.8441745,Italie,4,7971
Brunello di Montalcino,1.6867871,Italie,1,7929
Pessac-Léognan (Grand Cru Classé de Graves),1.6600603,France,2,25444
Chloe Chardonnay,2.8832428,États-Unis,1,458
Finn Pinot Noir,1.6306587,États-Unis,2,331
Châteauneuf-Du-Pape Cuvée Des Générations Gaston-Philippe,1.7966875,France,1,2077
Châteauneuf-du-Pape,1.5521207,France,1,13917
1694 Classification Red,1.5345964,Afrique du Sud,1,1841
Altura,1.7505343,Chili,1,2733
Pomerol,1.6605253,France,1,11645
Cirsion Rioja,1.9234011,Espagne,2,3474
Chardonnay,2.0542128,Afrique du Sud,3,1031
La Grande Année Brut Champagne,,France,2,24646
Big'd Big Barolo,1.6542184,Italie,1,1148
Vigna Cappella di S. Stefano Perno Barolo,1.5660388,Italie,2,2514
Amarone della Valpolicella,3.1827621,Italie,1,4689
Giramonte Toscana,2.2484422,Italie,1,1678
Costasera Amarone della Valpolicella Classico,3.2297275,Italie,2,93397
Campolongo di Torbe Amarone della Valpolicella Classico,3.2979991,Italie,3,4392
Brunello di Montalcino Riserva Vigna Paganelli,1.6121194,Italie,2,7123
Bolgheri Superiore,1.788846,Italie,26,47939
Le Serre Nuove,1.6401124,Italie,1,50411
Barolo Ginestra Casa Maté,1.7545748,Italie,1,4116
Il Bricco Barbaresco,1.5898534,Italie,1,2299
Ornato Barolo,1.5658007,Italie,2,5469
Saint-Julien (Grand Cru Classé),1.6682789,France,1,37174
Flaccianello della Pieve,1.7224033,Italie,5,21518
25 anni Montefalco Sagrantino,1.5398124,Italie,1,5419
Cuvée Annamaria Clementi (Extra Brut),,Italie,3,7928
Brunello di Montalcino,1.4268141,Italie,1,8875
Brunello di Montalcino,1.6429697,Italie,1,6683
Brunello di Montalcino,1.5521299,Italie,1,7546
Brunello di Montalcino Riserva,1.7106686,Italie,1,1665
Barolo Cannubi Boschis,1.7761469,Italie,1,4298
Barolo Le Vigne,1.6677053,Italie,2,5026
Carruades de Lafite Pauillac,1.6171026,France,4,13866
Beaune 1er Cru 'Clos des Mouches' Blanc,1.8163502,France,2,3093
Chambertin Clos de Bèze Grand Cru,1.8174781,France,1,331
Grands-Echezeaux Grand Cru,1.8514493,France,1,700
Puligny-Montrachet,1.6064351,France,1,4548
Aconcagua Valley,1.9092625,Chili,5,18482
Conde de Superunda,,Chili,1,3237
5 Stelle Sfursat,1.927198,Italie,4,10740
The Armagh Shiraz,2.1185503,Australie,1,2472
Côte-Rôtie La Landonne,1.6999345,France,3,4068
Côte-Rôtie La Mouline,1.7132782,France,4,4380
Ermitage Ex-Voto,1.8386673,France,3,1804
Corton-Charlemagne Grand Cru,1.6939689,France,1,1913
Bramare Marchiori Vineyard Malbec,2.261276,Argentine,1,8713
Viña El Pison,1.7621776,Espagne,4,3027
Cabernet Sauvignon,2.3111012,Italie,1,2408
Saint-Julien (Grand Cru Classé),1.5905166,France,5,29317
Barbaresco,1.6031228,Italie,16,24516
Costa Russi (Barbaresco) Langhe,1.7797054,Italie,8,2876
Sorì Tildìn (Barbaresco) Langhe,1.6132797,Italie,9,3955
Sorì San Lorenzo,1.7701341,Italie,8,3857
Dagromis Barolo,1.5525979,Italie,1,20685
Conteisa Langhe,1.9082872,Italie,1,2295
Sperss Barolo,1.6009856,Italie,11,10950
Darmagi Langhe,2.065667,Italie,4,3184
Cabernet Sauvignon,1.9367127,États-Unis,1,157944
Special Selection Cabernet Sauvignon,1.9168729,États-Unis,2,41236
Cabernet - Cabernet,1.9815465,Argentine,2,27436
Barolo Monvigliero,1.4851469,Italie,1,1163
Blanc de Blancs Brut Champagne (Vintage),,France,1,6400
Cristal Brut Champagne (Millésimé),,France,7,42456
Cristal Rosé Brut Champagne (Millésimé),,France,2,5883
Cos d'Estournel,1.6652306,France,6,43704
Baron de L Pouilly-Fumé,1.5027466,France,1,9002
Amarone della Valpolicella Classico,3.3598473,Italie,3,6669
Nine Popes,1.9145173,Australie,1,2118
Barolo Bussia Romirasco,1.6730256,Italie,1,1544
Puligny-Montrachet Premier Cru La Garenne,2.539587,France,1,200
Puligny-Montrachet Premier Cru Champ-Canet,1.7687975,France,1,1020
Corte di Cama Sforzato di Valtellina,1.9697778,Italie,1,3211
Bric Dël Fiasc Barolo,1.6027927,Italie,2,4947
Redigaffi Toscana,1.99489,Italie,14,5212
Châteauneuf-du-Pape Chaupin,2.0042584,France,1,4483
Quinta da Leda Douro,1.8381321,Portugal,1,14197
Colheita Port,4.62602,Portugal,1,8039
Tordiz 40 Year Old Tawny Port,4.119861,Portugal,1,474
Belondrade y Lurton,2.3963392,Espagne,1,13567
Unico Reserva Especial Edición,1.8340577,Espagne,1,13025
Unico,1.7812482,Espagne,3,45140
Ribera del Duero,1.8380817,Espagne,1,69278
Toro,1.7763444,Espagne,2,60705
Tokaji Aszú 6 Puttonyos,4.8875446,Hongrie,1,2366
Eszencia,,Hongrie,1,488
Tokaji Aszú 3 Puttonyos,4.9209304,Hongrie,2,7080
Brunate  Barolo,1.7103062,Italie,2,1289
La Serra Barolo,1.8759549,Italie,1,1449
Rocche dell'Annunziata Torriglione Barolo,1.7370698,Italie,1,1222
Barolo Rocche di Castiglione,1.8186307,Italie,1,1272
Barolo Riserva Villero,1.8434756,Italie,1,803
Brunello di Montalcino,1.901532,Italie,2,4357
Cepparello Red,1.694051,Italie,2,12191
Brunello di Montalcino  Montosoli,1.6366605,Italie,3,6176
Réservé Châteauneuf-du-Pape,2.285097,France,1,297
Finca Bella Vista Malbec,2.19353,Argentine,2,7663
Quarz Sauvignon,2.2572174,Italie,4,8884
Gewürztraminer Lunare,2.9494374,Italie,1,2732
Crichet Pajè Barbaresco,1.594002,Italie,1,584
Belle Epoque Brut Champagne,,France,2,20992
Corton Grand Cru 'Clos Rognet',2.1525695,France,1,543
Pauillac (Grand Cru Classé),1.6272988,France,3,55808
Saint-Julien (Grand Cru Classé),1.6095014,France,2,32627
Barolo Cerretta,1.4805793,Italie,1,1921
Charmes-Chambertin Grand Cru,1.989472,France,1,268
Vintage,,France,3,16918
Rosé,,France,1,3605
Collection,,France,3,2184
Clos du Mesnil,,France,3,2471
Pauillac (Grand Cru Classé),1.6924607,France,4,37460
Flor de Pingus,1.8319775,Espagne,2,32932
Cuvée Nicolas François Billecart Brut Champagne,,France,1,6228
La Grande Dame Brut Champagne,,France,1,17474
Calcarole Amarone della Valpolicella Classico,3.4144526,Italie,1,2757
Chambertin Grand Cru,1.7190468,France,1,1293
Montrachet Grand Cru,2.0329998,France,1,516
Barolo Riserva Vigna Rionda,1.6849188,Italie,2,3530
Saint-Estèphe (Grand Cru Classé),1.6222875,France,4,35624
Vintage Port Nacional,4.6771097,Portugal,1,1122
Cerretalto Brunello di Montalcino,1.7550168,Italie,6,5373
Saint-Julien (Grand Cru Classé),1.6340022,France,6,28094
Pomerol,1.6747634,France,3,10374
Turriga Isola dei Nuraghi,2.4437344,Italie,1,14641
Barolo Riserva Monfortino,1.8228105,Italie,2,5013
Barbera d'Alba Vigna Francia,1.6760427,Italie,2,7315
Barolo Cascina Francia,1.6290693,Italie,8,6045
Barbaresco Gaiun Martinenga,1.7287655,Italie,1,2298
Pessac-Léognan (Grand Cru Classé de Graves),1.6842046,France,3,27316
Saffredi,1.8776495,Italie,2,10499
Brunello di Montalcino Riserva,1.650779,Italie,16,3375
Corton-Charlemagne Grand Cru,1.629022,France,3,10296
Clos des Porrets Nuits-Saint-Georges 1er Cru,1.5853559,France,1,3063
Brunello di Montalcino,1.6460528,Italie,3,7883
Bonnes-Mares Grand Cru,1.929253,France,2,2595
Luce,1.7797035,Italie,3,17470
Luce Brunello di Montalcino,1.7594243,Italie,2,6544
Clos des Goisses Champagne,,France,2,4662
Romanée-Saint-Vivant Grand Cru (Marey-Monge),1.9145561,France,3,6597
Amarone della Valpolicella Classico,3.31935,Italie,2,8900
Valpolicella Classico Superiore,2.1406128,Italie,2,12262
Veneto Rosso del Bepi,2.4127154,Italie,3,3747
Amarone Stella,2.9613268,Italie,3,533
Pedro Ximenez Tradición 20 Years Old Vos,4.6604476,Espagne,1,954
Clos des Lambrays Grand Cru,1.7482635,France,6,6431
Chevalier-Montrachet Grand Cru,2.0061862,France,1,2340
Clos de la Roche Grand Cru Cuvée Vieilles Vignes,1.896809,France,7,2678
Brunello di Montalcino,1.641485,Italie,1,8356
Barolo Cannubi,1.4632843,Italie,1,1852
Barolo Cerequio,1.6345333,Italie,1,3839
Charmes-Chambertin Grand Cru,1.8818123,France,3,709
Brut Champagne,,France,5,146377
Scharzhofberger Riesling Kabinett,2.31888,Allemagne,2,3047
Scharzhofberger Riesling Spätlese,2.6068308,Allemagne,2,1564
Buisson Renard,1.5200801,France,1,2119
Rocche di Castiglione Barolo,1.5060189,Italie,1,2397
Beckstoffer To Kalon Vineyard Cabernet Sauvignon,1.6047927,États-Unis,1,1557
Gallina Barbaresco,1.6368595,Italie,2,1017
Châteauneuf-du-Pape,2.080589,France,9,7544
Châteauneuf-du-Pape Réservé Blanc,1.9536152,France,1,668
Bolgheri Superiore,1.6885566,Italie,2,14242
Tessons Clos de Mon Plaisir Meursault,1.8588678,France,1,761
Chambertin Grand Cru,1.904137,France,2,3401
Barbaresco Rabajà,1.5450536,Italie,2,5469
Harimann Montepulciano d'Abruzzo,1.7084829,Italie,2,1086
Côte à Côte Estate,1.6764214,États-Unis,1,1133
Amarone della Valpolicella Monte Lodoletta,3.3512034,Italie,13,7947
Valpolicella Superiore Monte Lodoletta,2.3023562,Italie,5,13024
Recioto della Valpolicella (Monte Lodoletta),,Italie,3,227
L'Apparita,1.8096386,Italie,10,3836
Pommard 1er Cru Les Rugiens-Bas,1.7258958,France,1,592
Calle Merlot Rosso Veronese,2.4370124,Italie,1,1053
Bonnes Mares Grand Cru,1.7079902,France,2,452
Beyond the Clouds,2.3078306,Italie,1,4760
Barolo Ciabot Mentin Ginestra,1.6148766,Italie,1,3525
Cabernet Sauvignon Coeur De Vallée,1.5982896,États-Unis,1,544
Percarlo,1.7772601,Italie,2,4808
La Ricolma,1.7745955,Italie,1,1525
Lupicaia,1.7940733,Italie,5,4414
Cabernet Sauvignon,1.5403899,États-Unis,6,3087
Pomerol,1.6924726,France,1,11885
Nebro Ribera del Duero,1.6623546,Espagne,1,647
L'Extravagant de Doisy-Daëne Sauternes,4.980402,France,4,465
Les Manyes,1.6663749,Espagne,1,924
Bonnes-Mares Grand Cru,2.1367705,France,2,1208
La Grande Rue Grand Cru Monopole,1.8830159,France,3,1496
Chambolle-Musigny Premier Cru Les Charmes,2.0298634,France,1,364
Brunello di Montalcino,1.8619267,Italie,4,2623
La Cueva del Contador Rioja,1.897477,Espagne,2,4013
Contador Rioja,1.7535176,Espagne,3,2240
Maya,1.8834581,États-Unis,2,1570
Finca Garbet,1.7993909,Espagne,1,573
Quincha Corral,1.7725737,Espagne,1,1230
Rioja Reserva,1.6925775,Espagne,1,13544
Trasnocho,1.871458,Espagne,3,3399
Chambolle-Musigny,1.8960234,France,1,3455
Clos de la Coulée de Serrant,1.8554152,France,1,8365
Cuvée Madame Barsac,4.910492,France,1,94
Clos de L'Obac,1.709223,Espagne,1,2588
Miserere,1.507604,Espagne,1,1392
Pomerol,1.6647604,France,2,13504
Vosne-Romanée 1er Cru 'Aux Malconsorts',1.7638865,France,2,681
Brunello di Montalcino,1.6434323,Italie,1,5596
Brunello di Montalcino Riserva,1.5341303,Italie,2,665
Vin de Pays de l'Hérault,1.8121092,France,6,8933
Cuvée Impériale Châteauneuf-du-Pape,1.6785597,France,2,1881
Charmes-Chambertin Grand Cru,1.4393288,France,1,359
Chassagne-Montrachet Premier Cru 'Morgeot' Blanc,1.9206604,France,1,1701
Pomerol,1.6839123,France,7,7221
Saint-Joseph,1.601572,France,1,3931
L'Hermitage,1.64957,France,1,8592
Pomerol,1.801,France,6,12214
Vecchie Vigne Brunello di Montalcino,1.6577264,Italie,1,3868
Vosne-Romanée,1.9310017,France,1,1030
Pomerol,1.7766465,France,5,3509
Chassagne-Montrachet 1er Cru 'La Maltroie',1.522193,France,1,779
Chateauneuf-du-Pape Réserve des Célestins,2.0052009,France,2,1633
Pomerol,1.763,France,2,3377
Toscana Il Pareto,1.8636947,Italie,1,3195
Brunello di Montalcino Riserva,1.5033569,Italie,1,1825
Saint-Émilion Grand Cru,1.9018394,France,1,1527
Les Grandes Places Côte-Rôtie,1.984394,France,2,1316
La Nieta,2.0053296,Espagne,1,4508
Vosne-Romanée Premier Cru Aux Reignots,1.9560068,France,4,645
Le Bourg Saumur Champigny,2.005911,France,3,1264
Les Poyeux Saumur Champigny,2.2080355,France,2,2005
Continuum Estate,1.7110485,États-Unis,4,6949
Charmes-Chambertin Grand Cru,1.9073772,France,1,277
Trebbiano d'Abruzzo,2.2671382,Italie,1,5834
Montepulciano d'Abruzzo,1.8085397,Italie,6,1398
Côte Rôtie La Brocarde,1.4756179,France,1,278
FAY Cabernet Sauvignon,1.6258094,États-Unis,1,10840
ARTEMIS Cabernet Sauvignon,1.6038561,États-Unis,1,81351
S.L.V. Cabernet Sauvignon,1.5965983,États-Unis,1,6560
Pomerol,1.6909002,France,9,9531
Nuits-Saint-Georges 1er Cru Les Damodes,1.6620766,France,1,793
Serral del Vell Brut Nature,,Espagne,1,2418
Saint-Émilion Grand Cru,1.663135,France,2,2829
Saint-Julien (Grand Cru Classé),1.7608945,France,2,33618
Amarone della Valpolicella Classico,3.2302346,Italie,2,5450
Campo del Titari Amarone della Valpolicella Classico Riserva,3.3925745,Italie,1,2946
Red Blend,1.0952381,Chili,1,102
Pauillac (Grand Cru Classé),1.5896021,France,3,39731
Brunello di Montalcino Riserva,1.3216767,Italie,2,306
Attunga 1865 Shiraz,2.2782757,Australie,1,371
Le Mesnil Blanc de Blancs (Cuvée S) Brut Champagne,,France,3,9564
Amarone della Valpolicella Classico Riserva (Sergio Zenato),3.317101,Italie,4,9963
Château Margaux (Premier Grand Cru Classé),1.6031541,France,14,45350
Chambertin Clos de Bèze Grand Cru,1.7697161,France,2,983
Chapelle d'Ausone Saint-Émilion Grand Cru,1.6023306,France,5,1086
Old Vines Primitivo di Manduria,3.1212282,Italie,1,20904
Barolo Riserva Bricco Boschis Vigna San Giuseppe,1.718982,Italie,2,4030
Amarone della Valpolicella,3.3443024,Italie,1,2680
Carabantes Syrah,1.8499508,Chili,1,4523
Montelìg,1.7488612,Chili,2,2905
Toknar,,Chili,1,2033
Chambertin Grand Cru,1.7182577,France,3,2542
Vieille Vigne Griottes-Chambertin Grand Cru,1.564988,France,1,257
Falletto Barbaresco Asili,1.6401669,Italie,1,3450
Falletto Barolo Le Rocche del Falletto,1.6728317,Italie,3,1883
Falletto Barolo Le Rocche del Falletto Riserva,1.9755139,Italie,7,622
Châteauneuf-du-Pape,1.724843,France,5,38998
Chambolle-Musigny Les Baudes,1.5560156,France,1,525
Sauternes (Premier Grand Cru Classé),4.874369,France,2,19239
Bolgheri Superiore,1.6207539,Italie,1,8918
Alexander Valley Cabernet Sauvignon,1.465726,États-Unis,1,46066
One Point Five Cabernet Sauvignon,1.615925,États-Unis,1,16341
Grange,2.106661,Australie,4,24356
Vintage Port,4.767169,Portugal,1,1076
Comtes de Champagne Blanc de Blancs,,France,2,27449
Georges De Latour Private Reserve Cabernet Sauvignon,1.6130458,États-Unis,2,12652
Barolo Riserva Granbussia,1.7309649,Italie,2,1728
Campo León Amarone della Valpolicella,3.2609541,Italie,2,7778
Tinto,1.8429217,Espagne,1,65625
Dolç de L'Obac,,Espagne,1,440
Côtes du Rhône,1.8865546,France,1,8196
Vacqueyras,1.9571805,France,1,3412
Cabernet Sauvignon,1.6591489,États-Unis,2,2830
Cabernet Sauvignon,1.64487,États-Unis,1,5927
Mongovone Barbera d'Asti Superiore,2.1969864,Italie,1,2771
Barolo Riserva Monprivato Cà d'Morissio,1.4942112,Italie,4,588
Tenuta Montebello Picconero,1.8024508,Italie,1,2011
Brut Rosé Champagne,,France,1,21147
Saint-Émilion Grand Cru (Premier Grand Cru Classé),1.7328519,France,11,28198
La Chapelle de La Mission Haut-Brion Pessac-Léognan,1.572223,France,1,6754
Pessac-Léognan Blanc (Grand Cru Classé de Graves),2.0481691,France,6,1206
Brunello di Montalcino,1.611603,Italie,2,9257
Yarden Katzrin,1.7388242,Israël,1,894
Saint-Émilion Grand Cru (Premier Grand Cru Classé),1.8411175,France,8,6637
Brunello di Montalcino Riserva,1.7324257,Italie,1,273
Brunello di Montalcino,1.5966768,Italie,1,3836
Pessac-Léognan (Premier Grand Cru Classé),1.6701751,France,15,39605
Hohenmorgen G.C,1.8806442,Allemagne,3,378
Kalkofen G.C,1.6690775,Allemagne,3,188
Gran Corte (VII),1.6814054,Argentine,1,15016
Gran Malbec (X),2.0887423,Argentine,1,12579
Saint-Émilion Grand Cru (Premier Grand Cru Classé),1.7128869,France,1,17090
Sauternes,4.8703017,France,9,44126
Cà Bertoldi Amarone della Valpolicella Classico,3.1258953,Italie,1,3708
Toscana,1.7960262,Italie,1,7434
Corton-Charlemagne Grand Cru Blanc,1.7833043,France,1,2453
Les Noisetiers,2.8619092,États-Unis,1,7035
Romanée-Saint-Vivant Grand Cru,1.9474717,France,4,463
Cuvée des Cadettes Châteauneuf-du-Pape,1.8081548,France,1,3283
Treinta y Dos Pinot Noir,1.6315441,Argentine,1,3417
Kairos,2.3404412,Italie,5,7364
Amarone della Valpolicella Classico,3.1482265,Italie,1,1940
Vürsù Barolo Campè,1.683044,Italie,5,6260
Pomerol,1.6694585,France,1,3870
R.D Extra Brut Champagne (Récemment Dégorgé),,France,3,7737
Pegrandi Amarone della Valpolicella Classico,3.4340096,Italie,1,1833
Poggio all'Oro Brunello di Montalcino Riserva,1.7356478,Italie,1,7033
Vosne-Romanée Premier Cru Les Suchots,1.5834846,France,1,522
Amarone della Valpolicella Classico,3.1110313,Italie,1,1670
Vintage Port,4.742126,Portugal,1,1972
Charmes-Chambertin Grand Cru,1.8423979,France,1,718
Pieve Santa Restituta Brunello di Montalcino,1.6279902,Italie,2,21867
Oreno Toscana,1.7219682,Italie,1,12407
Brunello di Montalcino,1.4919492,Italie,1,5202
Pomerol,1.9707285,France,6,32157
Brunello di Montalcino,1.6518015,Italie,2,5608
MV,,France,2,4763
Saint-Émilion Grand Cru (Grand Cru Classé),1.712247,France,1,3498
Amarone della Valpolicella Classico,3.5196304,Italie,1,1029
Campo Inferi Amarone della Valpolicella Classico Riserva,3.2049477,Italie,3,2112
Margaux (Grand Cru Classé),1.5161626,France,1,15699
Baffonero Maremma Toscana,1.9581413,Italie,2,1682
Amarone della Valpolicella,3.1522312,Italie,2,2610
Isosceles,1.5961691,États-Unis,1,18920
Toscana Rosso,2.0958486,Italie,5,2799
Toscana,1.9710017,Italie,6,2185
Madonna delle Grazie Brunello di Montalcino,1.78457,Italie,4,2747
Tinto,1.9242084,Espagne,3,2511
Château de Cîteaux Meursault 1er Cru 'Charmes' Blanc,1.4910929,France,1,368
Saint-Émilion Grand Cru,1.7287028,France,4,5390
San Vicente Rioja,1.8541847,Espagne,1,10701
Ai Suma Barbera d'Asti,1.8523548,Italie,1,3012
Graticciaia,2.752427,Italie,1,2451
Capellanía Reserva,2.006711,Espagne,1,7314
Côtes de Bourg,1.7147912,France,2,8249
Sauternes (Premier Grand Cru Classé),4.8788157,France,2,17293
Gran Reserva Rioja (Finca Ygay),1.7195264,Espagne,1,9595
Valbuena 5º,1.8354994,Espagne,2,72784
Ben Ryé Passito di Pantelleria,,Italie,1,21351
Finca Altamira Malbec,2.0809925,Argentine,1,8093
Côte-Rôtie,1.6012559,France,1,7177
Saint-Émilion Grand Cru (Premier Grand Cru Classé),1.8600491,France,7,15671
Barolo Paiagallo,1.7034084,Italie,1,1917
Gratallops Partida Bellvisos,1.5160202,Espagne,1,627
Brunello di Montalcino,1.5823619,Italie,1,1598
Montrachet Grand Cru,2.049862,France,1,495
Lagrein Riserva Porphyr,2.1028726,Italie,3,5123
Clos Sainte Hune Riesling Alsace,2.3837361,France,4,4106
Victorino,1.8342377,Espagne,1,9294
Giorgio Bartholomäus,1.8178593,Italie,2,554
The Laird,2.4446697,Australie,1,627
Perpetual,1.7400707,Espagne,1,3809
Brunello di Montalcino Riserva,1.5780381,Italie,1,714
Clos de Tart Grand Cru Monopole,1.7857957,France,2,4948
Vigna Madonna Assunta La Villa Barolo Riserva,1.6877671,Italie,1,470
Chambertin-Clos de Bèze Vieilles Vignes Grand Cru,1.8744577,France,1,358
Bibbona,1.7836055,Italie,1,5981
Musigny Grand Cru (Cuveé Vieilles Vignes),1.8582504,France,3,3533
Recioto della Valpolicella Classico,,Italie,2,1045
Amarone della Valpolicella Classico Riserva,3.4217513,Italie,1,587
Rocche dell'Annunziata Barolo Riserva,1.6368265,Italie,1,1609
Aquilon Garnacha,2.0014906,Espagne,1,1343
Charmes-Chambertin Grand Cru,2.112612,France,1,331
Saint-Émilion Grand Cru (Premier Grand Cru Classé),1.9093579,France,1,6879
Réserve Côtes-du-Rhône,1.931208,France,1,4027
Dom Ruinart Blanc de Blancs Brut Champagne,,France,1,18466
Echezeaux Grand Cru,2.1487,France,1,1311
Brunello di Montalcino Riserva,1.8136852,Italie,1,1506
Veneto Alzero Cabernet,2.6875129,Italie,5,2600
Pomerol,1.9155464,France,2,2164
Meursault 1er Cru 'Perrières',1.7233584,France,1,342
Chablis Grand Cru 'Valmur',1.6148579,France,1,1653
Pochi Filagn Barbera d'Alba,1.8643643,Italie,1,410
Barolo Bussia,1.6963162,Italie,2,4525
Barolo Riserva,1.5603285,Italie,1,12663
Grands-Échézeaux Grande Cuvée Vieilles Vignes,2.2055523,France,1,449
Avizoise Blanc de Blancs Extra Brut Champagne Grand Cru 'Avize',,France,1,1278
Vintage Port,4.737983,Portugal,1,2614
Poggio Al Vento Brunello di Montalcino Riserva,1.6124237,Italie,1,4542
Barolo Monvigliero,1.7668234,Italie,2,2758
Bordeaux,1.774154,France,1,2246
Coteau de Vernon Condrieu,2.1876152,France,1,2015
Giallo d'Arles Greco di Tufo,1.6963667,Italie,1,3274
Brut Rosé Champagne,,France,1,23241
Vigna Molsino,1.6302043,Italie,1,2269
Chassagne-Montrachet Premier Cru Morgeot Marquis de Laguiche ,1.7449552,France,2,1640
Brunello di Montalcino Riserva,1.6650461,Italie,3,801
Amarone Senza Titolo,3.1109524,Italie,1,225
Harlan Estate Red,1.9023863,États-Unis,1,7231
Cresasso Corvina Veronese,2.041686,Italie,1,2333
N.P.U. Extra Brut Champagne (Nec Plus Ultra),,France,1,1482
L'Amarone del Maestro Fornaser,3.6708946,Italie,1,1031
Clio,2.015409,Espagne,1,24553
Camí Pesseroles,1.8081999,Espagne,1,1083
Gold Series Syrah,2.1947496,États-Unis,1,477
Amancio,2.1217496,Espagne,1,2076
Douro,1.6386396,Portugal,1,6214
Les Beaux Monts Vosne-Romanée 1er Cru,1.5677487,France,2,787
V Red,1.5824143,Afrique du Sud,1,1715
Domus Aurea Cabernet Sauvignon,1.8381319,Chili,1,9603
Lindaflor Blend,2.6323788,Argentine,1,3550
Vosne-Romanée 'Les Quartiers de Nuits',1.5785497,France,1,511
Pignan Châteauneuf-du-Pape Réserve Rouge,1.9042784,France,1,1881
Vosne-Romanée Premier Cru Les Petits Monts,2.1769478,France,1,105
Gran Enemigo,1.9202298,Argentine,1,18739
Vieilles Vignes Châteauneuf-du-Pape Blanc,1.9862945,France,1,2587
Ca’ del Merlo Rosso Veneto,2.1695538,Italie,2,2198
Grand Siècle Champagne (Grande Cuvée),,France,1,9824
Richebourg Grand Cru,2.031315,France,2,1296
Campogiovanni Brunello di Montalcino Riserva Il Quercione,1.8187361,Italie,1,1107
Brunello di Montalcino Riserva Madonna del Piano,1.6784105,Italie,3,3506
Clos de Bèze Grand Cru,2.1195972,France,1,635
Brunello di Montalcino,1.5622965,Italie,1,828
Bramare Malbec Uco Valley,2.2074132,Argentine,1,19752
Pian delle Vigne Vignaferrovia Brunello di Montalcino Riserva,1.6489447,Italie,3,2165
Reserva Ribera del Duero,1.7908615,Espagne,1,11233
Douro Pintas Tinto,1.7243667,Portugal,2,4167
'Giulio Ferrari' Riserva del Fondatore,,Italie,10,12592
Vosne-Romanée Premier Cru 'Les Suchots',2.0950086,France,1,601
Silex,1.5705318,France,2,8386
Cuvée Extase Blanc de Blancs Champagne Grand Cru,,France,1,231
Brunello di Montalcino Riserva,1.5380671,Italie,1,333
Mai The First A.Montes Malbec,2.127563,Argentine,1,6379
Vénus Blanc de Blancs Brut Nature Champagne Grand Cru 'Avize',,France,1,794
Domaine des Tourettes Hermitage Rouge,1.6275648,France,1,3806
Clos de Vougeot Grand Cru,1.600036,France,1,467
Bolgheri Superiore Sondraia,1.715733,Italie,1,12843
Amaya Arzuaga (Colección),1.7655505,Espagne,1,1179
Chambolle-Musigny Premier Cru 'Les Feusselottes',1.6478531,France,2,262
Montrachet Grand Cru Marquis de Laguiche,1.9866148,France,4,1970
Barolo Monprivato,1.59358,Italie,7,6966
Reserve Pinotage,1.8395258,Afrique du Sud,1,1891
Chassagne-Montrachet 1er Cru 'Morgeot',1.859133,France,2,329
La Landonne Côte-Rôtie,1.8482229,France,3,584
Corton-Charlemagne Grand Cru,1.7583795,France,1,719
Nuits-Saint-Georges,2.2210526,France,2,257
Rapture Cabernet Sauvignon,1.6946869,États-Unis,1,2117
Sauternes,4.9893174,France,1,938
Pieve Santa Restituta Sugarille Brunello di Montalcino,1.729886,Italie,1,3717
Amour de Deutz Millésimé Brut Champagne,,France,2,5532
Chassagne-Montrachet 1er Cru 'Morgeot',2.1006103,France,1,283
Millecento Brunello di Montalcino Riserva,1.6345867,Italie,2,1364
Brunello di Montalcino Riserva,1.6260442,Italie,1,339
Pur Sang,1.5382415,France,2,3634
Echezeaux Grand Cru,2.1185365,France,1,338
Lodovico,1.919053,Italie,7,3860
Dalmau Rioja,1.7996016,Espagne,1,7868
Campo del Drago Brunello di Montalcino,1.5219067,Italie,1,2854
Amarone della Valpolicella,3.293355,Italie,1,1712
Riserva vecchie viti dei Capalot e delle Brunate Barolo,2.061606,Italie,1,338
La Mattonara Amarone della Valpolicella Classico Riserva,3.3520465,Italie,1,1196
Palazzi Rosso Toscana,2.0513432,Italie,2,961
Lilium Est Amarone Della Valpolicella Riserva,3.4556482,Italie,1,733
Nuits-Saint-Georges 1er Cru 'Clos des Corvées',1.9449067,France,2,1245
Rosé Brut Champagne Grand Cru 'Ambonnay',,France,1,1782
Alabaster,1.9812388,Espagne,2,2708
Gardarèm,1.9927602,France,1,1308
Roda I Reserva Rioja,1.7863555,Espagne,2,22749
La Grande Dame Brut Rosé Champagne,,France,2,1118
Red,1.7820876,États-Unis,3,3639
Ozanne Blanc de Blancs Brut Champagne Grand Cru 'Avize',,France,1,484
Clos Vougeot Grand Cru,1.5743816,France,3,226
Gevrey Chambertin 1er Cru 'Aux Combottes',1.7836701,France,1,1002
Vittorio Moretti,,Italie,1,2025
Tenuta Guado al Tasso Matarocchio,1.822357,Italie,2,1875
Douro Quinta da Manoella VV Tinto,1.6909068,Portugal,3,2548
Vosne-Romanée 1er Cru 'Les Suchots',1.7735106,France,1,651
Blueline Estate Cabernet Sauvignon,1.8100928,États-Unis,1,1321
Montrachet Grand Cru,1.9855789,France,1,459
Primitivo di Manduria,2.9288273,Italie,1,2011
Blanc des Millénaires,,France,1,5581
Brut Rosé Champagne,,France,1,830
Harlequin,2.439991,Italie,2,1276
Échézeaux Grand Cru,2.3618987,France,1,359
Book 17 XVII,1.6803064,Afrique du Sud,2,814
Châteauneuf-du-Pape Amiral G,1.8483871,France,1,536
Brunello di Montalcino Riserva,1.6230472,Italie,3,1589
Sancerre 'Clos la Néore',1.566774,France,3,699
Ares,2.2395217,Australie,1,1995
Riesling 'Le Gallais' Wiltinger Braune Kupp Auslese,2.813712,Allemagne,2,242
Lupi Rezerva,,Moldavie,2,7604
Bâtard-Montrachet Grand Cru,1.9060409,France,4,347
Côte-Rôtie La Turque,1.7111404,France,4,4891
Meursault 1er Cru 'Les Genevrières',1.5436713,France,1,606
Piovesole Amarone della Valpolicella Classico,3.077631,Italie,1,868
Nettare Veneto Bianco,2.9499998,Italie,3,87
Cava Celler Batlle,,Espagne,1,1575
Sous L'Escalier Petite Arvine du Valais,2.6048386,Suisse,1,164
Chambolle-Musigny Les Cabottes,1.453535,France,1,413
Tokaji Aszú 5 Puttonyos,4.8961773,Hongrie,1,649
Chambolle-Musigny 1er Cru 'Les Amoureuses',1.613077,France,3,59
Charmes-Chambertin Grand Cru Les Mazoyères,2.1888883,France,1,548
Clos Vougeot Grand Cru,1.8215898,France,2,1202
Moncerbal Bierzo (Corullón),1.6890587,Espagne,1,1090
Meursault 1er Cru 'Charmes',2.0078254,France,1,242
Puligny-Montrachet Premier Cru Clos du Cailleret,1.6569368,France,1,395
Vieux Marc de Bandol,,France,1,102
Vin Santo di Montepulciano Occhio di Pernice,4.950209,Italie,4,1867
Grace Vineyard Pinot Noir,1.5923975,États-Unis,1,385
Barolo Bussia Vigna Munie,1.2171682,Italie,1,141
B Bordicon Blend,1.6767772,Afrique du Sud,1,1088
Corton-Charlemagne Grand Cru,1.8717645,France,2,164
Montrachet Grand Cru,2.0719697,France,1,269
VIK,1.9214224,Chili,2,8493
Poggio Alle Nane Maremma Toscana,1.9079237,Italie,2,3509
Schlehdorn Riesling Trocken,1.8329831,Allemagne,1,202
Bâtard-Montrachet Grand Cru,1.6880866,France,3,214
Aszú 6 puttonyos,4.911953,Hongrie,1,2450
Brunello di Montalcino,1.5962596,Italie,17,27452
Maria Adelaide Barbaresco,1.2309568,Italie,1,501
Gran Buig Priorat,1.3689655,Espagne,1,125
123 Brunello di Montalcino Riserva,1.4223372,Italie,1,525
Faith,1.484391,Afrique du Sud,1,1048
Ice Wine de Purcari,,Moldavie,1,722
Amarone della Valpolicella,3.1891263,Italie,1,4014
Sed de Caná,1.9559445,Espagne,2,345
Preta Cuvée David Booth Grande Reserva,2.1380146,Portugal,1,1507
Sassella Nuova Regina Riserva,1.4810333,Italie,1,987
Bâtard-Montrachet Grand Cru,1.9112995,France,2,1191
Nuits-Saint-Georges 1er Cru 'Aux Thorey',1.7095836,France,1,543
Saint-Émilion Grand Cru (Premier Grand Cru Classé),1.7565886,France,1,10699
Pessac-Léognan (Grand Cru Classé de Graves),1.7193894,France,7,15975
Les Riceys Cuvée Cyriès Brut Millesimé Champagne,,France,1,43
Cuvée Kermesse Rosso,2.133003,Italie,1,1153
Chevalier-Montrachet Grand Cru Blanc,1.9129902,France,1,1283
Chambertin Grand Cru,1.3646986,France,1,354
Cabernet Sauvignon,1.7583516,États-Unis,1,2941
Le Montrachet Grand Cru,2.1412282,France,1,30
Brunello di Montalcino Riserva Pian di Conte,1.8333937,Italie,1,1118
Colore Toscana,1.4208332,Italie,1,1415
Pedrouzos Godello,,Espagne,1,109
Cerretta Barolo Riserva (Vigna Bricco),1.6062539,Italie,3,2065
Magma,2.0306382,Italie,1,748
Kevin Arnold Shiraz,1.6196365,Afrique du Sud,1,6987
La Faraona Bierzo (Corullón),1.746712,Espagne,2,423
Reserva Particular de Recaredo Gran Reserva Brut Nature,,Espagne,2,923
Scharzhofberger Riesling Auslese,2.7846162,Allemagne,2,1666
Vigneto Bellavista Chianti Classico,1.9134988,Italie,5,1402
Barrosu Cannonau di Sardegna Riserva Franzisca,1.5870914,Italie,1,794
Son Negre,1.7594486,Espagne,1,521
Guglielmi di Jago Amarone della Valpolicella Classico,3.2615898,Italie,2,408
Merlot,1.6291896,États-Unis,6,1922
Grand Vin Pauillac (Premier Grand Cru Classé),1.6716481,France,10,38521
Es Riserva,2.6120222,Italie,1,371
Il Ritrovo,1.4055465,Italie,1,363
Il Pino di Biserno,1.9612641,Italie,2,17566
Howell Mountain Cabernet Sauvignon,1.6268119,États-Unis,1,6466
Brunello di Montalcino Riserva,1.7681414,Italie,1,437
Il San Lorenzo Bianco,2.3064723,Italie,1,673
Riserva Nova Domus Terlaner,2.3061333,Italie,1,5250
Pauillac (Premier Grand Cru Classé),1.714406,France,10,73615
Chassagne-Montrachet,1.5938239,France,1,3269
Chevalier-Montrachet Grand Cru Les Demoiselles,1.9245895,France,1,532
Linticlarus Lagrein Riserva,2.2673337,Italie,1,1387
Sir Winston Churchill Brut Champagne,,France,1,12873
Chambertin-Clos-de-Beze Grand Cru,2.1277838,France,2,611
El Carretil,2.0361114,Espagne,2,748
d'Alceo,2.0091226,Italie,3,3133
Cuvée Risleus Brut Champagne Premier Cru,,France,1,415
Chardonnay,2.0630836,Australie,1,201
Nosotros Single Vineyard Nómade,2.1509123,Argentine,1,9995
Chapelle-Chambertin Grand Cru,1.9184722,France,2,188
Mazis-Chambertin Grand Cru,1.9580156,France,2,433
Tokaji Aszú 6 Puttonyos,4.8951044,Hongrie,1,439
Bonnes Mares Grand Cru,2.0230403,France,1,554
Vieilles Vignes Mazis-Chambertin Grand Cru,1.6131272,France,2,218
Kurni Marche,2.7642388,Italie,1,10261
Corton-Charlemagne Grand Cru,1.9315071,France,1,1045
Blanc,2.0515757,France,1,2053
Corton-Charlemagne Grand Cru,1.7261328,France,3,1007
Valdegatiles Ribera del Duero,1.7257144,Espagne,1,587
Platinum,2.3343668,Suisse,1,883
5 Puttonyos Aszú (Blue Label),4.9550066,Hongrie,1,11106
Arborina Barolo,1.7115326,Italie,2,2527
Chafandin,1.7626926,Espagne,1,2570
Kupra Marche,2.0423427,Italie,1,637
Esporão Private Selection Tinto,1.8021736,Portugal,1,12566
Reserve,,États-Unis,3,1175
Gabbro Toscana,1.9114742,Italie,2,921
Boal Madeira,4.7262273,Portugal,1,1023
Charmes-Chambertin Grand Cru,1.7125001,France,1,276
Bienvenues-Bâtard-Montrachet Grand Cru,1.5461063,France,4,480
Bâtard-Montrachet Grand Cru,1.809467,France,1,1182
Il 'Divasco' Riserva,1.6379265,Italie,3,255
Meursault 1er Cru 'Genevrières' Blanc,1.8986025,France,1,311
Clos de la Roche Grand Cru,1.7518054,France,2,429
Corton-Bressandes Grand Cru,1.5309752,France,2,861
Brunello di Montalcino Riserva,1.7867404,Italie,1,330
Puligny-Montrachet Premier Cru Les Combettes,1.7941012,France,1,582
Pingus,1.8904002,Espagne,5,6013
Corton-Charlemagne Grand Cru,1.4072659,France,1,178
Evenstad Reserve Pinot Noir,1.5186764,États-Unis,1,11531
The Mackenzie,1.6333085,Afrique du Sud,1,1220
Musigny Grand Cru,1.4583396,France,2,171
Clos de Vougeot,1.7483782,France,2,608
Opus One,1.6506873,États-Unis,6,77053
40 Anos Tawny Port,3.96795,Portugal,1,57
Tokaji Aszú 5 Puttonyos,4.9386196,Hongrie,3,5449
Les Sentiers Chambolle-Musigny 1er Cru,1.7910546,France,1,1253
Macán Clásico,1.81529,Espagne,1,16525
Amarone della Valpolicella Riserva,3.1706653,Italie,1,958
Amarone della Valpolicella Vigna Garzon,3.1879733,Italie,1,4227
Mendoza,1.7433643,Argentine,2,19849
Domaine Grand Veneur Châteauneuf-Du-Pape Vieilles Vignes,1.4802154,France,1,875
Corton-Charlemagne Grand Cru,1.9106728,France,2,708
Ribolla Gialla,2.115333,Italie,1,7018
Charmes-Chambertin Grand Cru,2.327213,France,2,170
Vin de Constance (Natural Sweet),4.960214,Afrique du Sud,1,13210
50 & 50,1.7858204,Italie,3,9157
Pinotage,1.852157,Afrique du Sud,2,2063
Les Clos Chablís Grand Cru,1.609475,France,1,1750
Cream Tradición Vos 20 Years,3.813026,Espagne,1,623
La Poza de Ballesteros,1.780659,Espagne,1,987
Amarone Della Valpolicella Marta Galli,3.2036428,Italie,1,1085
Campo Alla Sughera,1.9313414,Italie,2,888
Montefico Barbaresco Vecchie Viti,1.5138121,Italie,1,581
Macán,1.7831703,Espagne,1,14368
Brunello di Montalcino Riserva Pianrosso Santa Caterina d'Oro,1.6299964,Italie,2,1971
Morey-Saint-Denis Tres Girard,2.1216843,France,1,339
Vürsù Barbaresco Gallina,1.5651741,Italie,3,4262
Champagne,,France,1,1021
Barón de Chirel Rioja Reserva,1.7648796,Espagne,1,8578
Recioto della Valpolicella Classico Riserva,,Italie,1,27
Vieilles Vignes Meursault,1.5745195,France,1,1426
Red,,Chili,1,1297
Novicium Estate,1.466593,États-Unis,1,495
Barolo Bussia Cicala,1.6672688,Italie,2,3346
30 Year Old Tawny Port,4.385495,Portugal,1,602
Valdegines,1.734133,Espagne,1,2594
One Sixteen Chardonnay,2.538148,États-Unis,1,1753
Asili Barbaresco Vecchie Viti,1.5085576,Italie,1,668
Gaudium,1.7301172,Espagne,1,7414
Hommage à Jacques Perrin Châteauneuf-du-Pape,1.7615204,France,7,6121
Rujno Rosso,2.1393104,Italie,3,532
Volnay 1er Cru Les Caillerets,1.3621588,France,1,591
Le Lucére Brunello di Montalcino Riserva,1.3794554,Italie,2,213
Brut Rosé Champagne,,France,1,13747
Mazis-Chambertin Grand Cru Cuvée Madeleine Collignon,2.1826844,France,1,1016
Rubicon,1.6132872,États-Unis,2,6421
Mark Bradford Vineyard Pinot Noir,1.4045134,États-Unis,1,254
Barolo Brunate,1.8730763,Italie,1,1482
V.P Extra Brut Champagne Grand Cru 'Ambonnay',,France,1,2079
Vigna Colonnello Barolo Riserva Bussia,1.4191498,Italie,2,957
Chablis Grand Cru 'Les Clos',1.5889286,France,1,173
Barolo Riserva Leon,1.5542421,Italie,1,948
Historical XIXth Century Wine,,France,2,807
Duemani Cabernet Franc,1.8703746,Italie,1,2339
Kapnios Aglianico,2.5232413,Italie,1,1134
Brut Champagne (Gold),,France,1,3874
Memorias,,Chili,1,15980
Barolo Riserva Speciale Granbussia,1.7685611,Italie,4,56
Aszú 6 Puttonyos Tokaj,5.0,Hongrie,1,54
Aile d'Argent Blanc Bordeaux,2.2246108,France,1,4790
Mazis-Chambertin Grand Cru,1.7251658,France,2,1121
Lupi e Sirene Riserva,1.6768823,Italie,1,1292
Amarone Classico Monte Danieli,3.148534,Italie,1,504
Fusion V,1.6550363,Afrique du Sud,1,12877
Grands-Échezeaux Grand Cru,1.8359898,France,1,544
Don PX Selección,3.9694393,Espagne,2,326
Amarone della Valpolicella Classico Mater,3.1624103,Italie,1,739
Musigny Grand Cru,2.1066804,France,1,128
Don PX Convento Selección,4.059529,Espagne,4,1224
Saint-Émilion Grand Cru,1.7499928,France,4,589
Gaia & Rey Langhe,2.4886413,Italie,1,5909
Le Montrachet Grand Cru,1.4717065,France,2,236
Aszú Eszencia,4.9666667,Hongrie,1,283
Ginés Liébana Pedro Ximénez,4.04,Espagne,2,120
Pieve Santa Restituta Rennina Brunello di Montalcino,1.7531106,Italie,1,3393
Toscana,1.9779595,Italie,24,16284
Fanòi Primitivo,2.8254397,Italie,1,695
Grande Cuvée I Terlaner,2.3357043,Italie,1,411
MV Rosé,,France,1,588
Predappio Massera,1.8276721,Italie,4,161
Palo Cortado Añada,3.1847057,Espagne,1,27
VT Vendemmia Tardiva,,Italie,1,1096
Ermitage l'Ermite Blanc,2.3228636,France,2,296
Mossone,1.8143501,Italie,1,892
Palo Cortado Tradición Vors 30 Years Sherry,2.4819863,Espagne,1,1050
Gorgona,2.184011,Italie,1,592
Cuvée Ernest Riesling Alsace Sélection de Grains Nobles,4.2166667,France,1,68
Chateauneuf-Du-Pape Cuvée Des Générations Marie Leoncie,1.6599679,France,1,1041
CASK 23 Cabernet Sauvignon,1.6187876,États-Unis,1,9464
Amarone della Valpolicella,3.2980664,Italie,1,1292
Negru de Purcari Limited Edition,,Moldavie,1,970
Cuve 38 Blanc de Blancs Champagne (La Réserve Perpétuelle),,France,1,149
Ferro,1.801046,Italie,1,499
Les Boudots Nuits-Saint-Georges 1er Cru,1.8146675,France,1,339
Vignes Centenaires 'La Richemone',1.6225348,France,1,182
Pietro Dal Cero Amarone della Valpolicella,3.1801608,Italie,3,6424
Le Petit Mouton de Mouton Rothschild Pauillac,1.6595325,France,1,8214
Vin de Paille,,France,2,35
Brunello di Montalcino,1.5295734,Italie,2,1365
Pour Vous Sancerre,1.6999139,France,1,125
Red,1.8333554,Chili,1,4933
Cabernet Sauvignon,1.4456885,États-Unis,1,152
Ulysses,1.6299195,États-Unis,1,1980
Octavius Amarone della Valpolicella Riserva,3.1875901,Italie,1,450
Amour de Deutz Millesimé Rosé Brut Champagne,,France,1,536
Mazzano Amarone Della Valpolicella Classico,3.1861618,Italie,2,3276
Au Paradis Cabernet Sauvignon,1.6613371,États-Unis,1,3004
Castellberg Pinot Noir,1.4879236,Allemagne,2,187
Ciliegio Amarone della Valpolicella,3.3313334,Italie,1,76
P2 Plénitude Brut Champagne,,France,2,7543
Cěrǎsum Riserva Amarone della Valpolicella,3.1995063,Italie,1,460
Barolo Cerretta,1.7573152,Italie,2,684
Pomerol,1.6095084,France,2,4641
Vosne-Romanée 1er Cru Aux Malconsorts Christiane,1.4869983,France,1,309
Aegusa,,Italie,2,81
888 Pinotage Gold,1.5840741,Afrique du Sud,1,234
Scharzhofberger Riesling Eiswein,,Allemagne,1,30
Παλιές Ρίζες (Palies Rizes),1.5109091,Grèce,1,313
Roccolo Ludwig Barth von Barthenau,1.7900001,Italie,2,155
Barolo Cannubi,1.5111234,Italie,1,1801
Graal Amarone della Valpolicella Valpantena,2.4526687,Italie,1,328
Mas Via Gran Reserva Brut,,Espagne,1,408
The Black Lion,1.549335,Afrique du Sud,2,476
Semel Pater,1.7583334,Italie,1,710
Cuvée des Enchanteleurs Brut Champagne,,France,2,1732
6 Anime Puglia Rosso,2.8930955,Italie,1,2476
Tourmaline Pomerol,1.3463196,France,1,237
Saperavi,,Moldavie,2,4745
Fort Ross Seaview Home Field Pinot Noir,1.7102238,États-Unis,1,483
La Vina de Corteo,2.3388197,Espagne,1,374
Dogs of the Barossa Shiraz,2.0760252,Australie,1,264
Brunello di Montalcino Riserva,1.4949095,Italie,1,461
Royal St Robert Cuvée Pinot Noir,1.6376019,États-Unis,1,2099
Vigna Grande Cerzito Taurasi Riserva,2.2985344,Italie,2,581
Rutherford Cabernet Sauvignon,1.652254,États-Unis,1,655
Les Blanchiens Brut Nature Champagne Premier Cru,,France,1,590
Habemus Lazio Rosso (Etichetta Rossa),2.119575,Italie,1,298
Nebukadnesar,1.4831064,Afrique du Sud,1,3609
Pandorga,,Espagne,2,148
Vin de Pays de l'Hérault Blanc,1.9149225,France,2,1209
Pajè Barbaresco,1.5763191,Italie,2,1910
Chemin du Bois Champagne,,France,1,184
Brunello di Montalcino Riserva,1.827931,Italie,4,351
Helichrysum Brunello di Montalcino,1.6001965,Italie,1,1370
Gran VU Blend,1.7093651,Argentine,1,2773
Cosimo Varvaglione Collezione Privata Primitivo di Manduria,3.1291568,Italie,1,5016
A50 Amarone della Valpolicella,2.8771605,Italie,1,100
Toscana Bianco,2.2274275,Italie,1,833
Bruno Lunelli Riserva,,Italie,1,96
Croce Del Gal Riserva Amarone della Valpolicella Classico,2.9229722,Italie,1,188
Altura Máxima Malbec,2.0597696,Argentine,1,2168
Pessac-Léognan Blanc (Grand Cru Classé de Graves),2.1406865,France,1,1182
Altagracia Cabernet Sauvignon,1.7512516,États-Unis,1,3083
Annonciade Champagne,,France,1,137
Fieramonte Amarone della Valpolicella Riserva,3.054878,Italie,2,315
Alpine Hillside Pinot Noir,1.1815671,États-Unis,1,46
Barolo Riserva,1.5470767,Italie,1,265
Fino La Barajuela,,Espagne,1,222
Grand Vin,1.4750085,Espagne,1,343
Cosimo Varvaglione Collezione Privata Negroamaro del Salento,2.4783223,Italie,1,826
Barolo Riserva Cannubi 1752,1.6763704,Italie,1,451
Museum Collection White,,Grèce,1,297
Colheita Porto,4.8262177,Portugal,1,741
Brunello di Montalcino,1.6416774,Italie,1,2592
Puligny-Montrachet Premier Cru ' Clos de la Truffière',1.7297885,France,1,475
Lion Tamer Napa Valley Red Blend,1.7046466,États-Unis,1,4981
Cannubi Barolo,1.1442633,Italie,1,228
Per Sempre Syrah Toscana,1.7196623,Italie,3,711
Belles Soeurs Cuvée Pinot Noir,1.401519,États-Unis,1,229
Les Ouvrées Rodin Chambertin-Clos de Bèze Grand Cru,1.7468355,France,3,33
Adrianna Vineyard Fortuna Terrae Malbec,2.1823618,Argentine,1,2589
Adrianna Vineyard Mundus Bacillus Terrae Malbec,2.189404,Argentine,3,1358
Barbaresco Asili,1.4280901,Italie,3,710
Grands-Echezeaux Grand Cru,1.2915536,France,1,432
Trebbiano d'Abruzzo,2.4094381,Italie,1,140
The Journeyman,1.9845128,Afrique du Sud,1,231
Le Petit Cheval Bordeaux Blanc,2.0212228,France,1,782
Bassolino di Sopra Brunello di Montalcino,1.6474727,Italie,2,174
Regina del Bosco R.Quarantottomesi,1.6725,Italie,1,109
40 Years Old Port,4.7342553,Portugal,1,37
Cinque Autoctoni Collection Limited Release,2.0237908,Italie,1,4281
Valmezzane Amarone della Valpolicella,3.2709465,Italie,2,799
Quarto Vecchio Amarone della Valpolicella Classico Riserva,3.2986417,Italie,1,292
Pym-Rae Red Blend,1.462028,États-Unis,2,273
Amarone della Valpolicella,3.1003544,Italie,2,749
Zeltinger Sonnenuhr Beerenauselese Riesling,2.9495196,Allemagne,1,49
Bure Alto Amarone  della Valpolicella Classico Riserva,3.52959,Italie,2,132
Clos Saint-Denis Grand Cru,1.6666666,France,2,40
Il Bacca Old Vine Primitivo di Manduria,3.0354161,Italie,1,2933
Kalós Cru Gran Reserva Malbec,2.4885175,Argentine,1,3351
La Piu Belle,,Chili,1,13420
Charmes-Chambertin Grand Cru,1.15,France,5,33
Quiñon de Valmira,1.4984263,Espagne,1,377
Chambertin Grand Cru,1.4611549,France,1,188
Marmar,1.9693925,Allemagne,2,514
TD9,1.6725471,États-Unis,1,6056
Mironia Black Edition Tempranillo,1.7522718,Espagne,1,187
40 Years Old Tawny Port,4.3973284,Portugal,1,357
Rioja Reserva 10 Años Después Edición Limitada,1.5956244,Espagne,1,1093
Mágico,2.0852482,Espagne,1,146
Peña Lobera,1.5666758,Espagne,1,234
Reserve Chardonnay,2.2871244,Afrique du Sud,1,396
Carmin,1.8026053,France,1,931
Colheita Porto Branco,4.4869823,Portugal,1,65
Falletto Barbaresco Rabaja,1.6003922,Italie,1,448
Arché,2.2005763,Portugal,1,429
Touran,2.1461916,Espagne,1,274
Collection Vintage 2000 Brut,,France,1,58
Secentenario,1.6186764,Italie,1,96
Puligny-Montrachet 1er Cru 'Les Champs Gains',1.1076646,France,1,429
Dona Ermelinda Grande Reserva,2.167271,Portugal,1,933
Cuvée des Hussards Vieilles Vignes Brut Champagne Premier Cru,,France,1,47
Eight Years In The Desert,2.4408796,États-Unis,1,27195
Librante Primitivo di Manduria,2.8891466,Italie,1,491
Winemaker's Selection,2.2873857,Croatie,1,292
LR,2.5153446,Italie,2,503
Zeltinger Sonnenuhr Beerenauslese,3.4264705,Allemagne,1,44
Limited Edition 10 Vendemmie,2.054572,Italie,1,9453
Champ Cain Extra Brut Champagne Grand Cru 'Avize',,France,2,234
Charlemagne Grand Cru,1.3711667,France,1,201
Graacher Himmelreich Riesling Auslese 'Goldkapsel',3.0887501,Allemagne,1,119
Les Ruchons Sancerre Blanc,1.4099487,France,1,269
VV 26 Blanc de Blancs Vieilles Vignes Grand Cru Brut,,France,1,314
El Escolladero,1.5979935,Espagne,1,161
110 e Lode Merlot,2.1146274,Italie,1,174
Guerriero della Terra,2.8497944,Italie,2,10185
80 Vecchie Vigne Primitivo di Manduria Old Vines,3.1267023,Italie,1,2476
Rioja Blanco Reserva,1.8718536,Espagne,3,361
Fratini Bolgheri Superiore,1.3946093,Italie,1,153
Bual Madeira,4.8087187,Portugal,1,187
Cuvée N Viñas Viejas,1.9349145,Espagne,1,263
Lux Vitis,2.1000907,Italie,1,530
Collina Rionda di Serralunga Barolo,1.3892766,Italie,2,156
Vigne Vecchie Gold Series Leggenda Primitivo di Manduria,3.0665753,Italie,1,3121
De Buris Amarone della Valpolicella Classico Riserva,3.203101,Italie,2,574
'Giulio Ferrari' Riserva del Fondatore Rosé,,Italie,1,308
Ampio,1.6122587,Italie,1,481
Permassimo,1.2900506,Italie,1,186
Denarius Graves,1.6846269,France,2,129
Raut Lagrein,1.6899999,Italie,1,58
Corton-Charlemagne Grand Cru,1.5203093,France,2,35
Hyde Vineyard Chardonnay,2.219666,États-Unis,1,265
Bienvenues-Bâtard-Montrachet Grand Cru,1.2454681,France,2,76
Delicado Cosecha Pedro Ximénez,4.565912,Espagne,1,870
Estate Reserve Viognier,2.6232803,Afrique du Sud,1,257
Carpathia Heritage,2.3222482,Roumanie,1,166
Gorgona Rosso,1.2839758,Italie,4,119
50 Old Vines Vecchie Vigne Negroamaro,2.8037245,Italie,1,510
Maggiarino Vino Nobile di Montepulciano,1.4602276,Italie,1,555
Interpretación,1.827968,Espagne,1,2760
Vinha Centenaria Branco,1.7899325,Portugal,1,281
Grande Cuvée,,France,1,28513
Hérédita Châteauneuf-du-Pape,2.0720003,France,1,185
Perpiero,1.6207002,Italie,1,351
Guerriero del Mare,2.754702,Italie,1,3290
Rocche dell'Annunziata Barolo,1.34193,Italie,2,218
Cristal Vinothèque,,France,2,426
Cristal Rosé Vinothèque,,France,1,88
Minami,1.9322877,Espagne,1,246
Clos de Tart Grand Cru,1.969902,France,1,214
Vinhas Velhas Tinto,2.0587099,Portugal,1,736
Cabochon Doppio Zero,,Italie,1,217
Annunziata Barolo Riserva,1.2837288,Italie,1,138
NŌ Rosso,2.8602026,Italie,1,297
Freienfeld Cabernet Sauvignon Riserva,1.9226389,Italie,1,173
Vigna del Suolo Brunello di Montalcino,1.6411891,Italie,1,201
Vite Talin Barolo,1.3438305,Italie,1,131
RWT Bin 798 Shiraz,2.0449593,Australie,1,1975
Barolo Arione,1.5432729,Italie,4,259
Grenache,1.5,États-Unis,1,34
Rosso,1.654492,Italie,2,88
Charity Edition Nebbiolo d'Alba Arione,1.066544,Italie,1,29
Nuits-Saint-Georges 1er Cru 'Aux Murgers',1.725,France,1,40
Gallina Barbaresco,1.2867978,Italie,1,219
Terrasse à l'Ombre Côtes du Rhône,1.8009534,France,1,819
Lithology Cabernet Sauvignon,1.734915,États-Unis,1,148
Glesie Climat,1.7010001,Italie,2,37
Petrucci Melo,1.5702454,Italie,1,61
Oh Carlos Manuel! Tinto,2.098028,Portugal,1,58
Boghis Climat,2.062,Italie,2,27
Giunonico Riserva Primitivo di Manduria,3.0336692,Italie,1,460
Fossati Barolo,1.1170666,Italie,1,116
Ipsus Chianti Classico Gran Selezione,1.3114364,Italie,1,185
Old Vines Malbec,2.0272782,Argentine,1,667
Cannubi Barolo,1.5637833,Italie,1,82
Bentrock Vineyard Chardonnay,2.5057693,États-Unis,1,118
Barbaresco Albesani,1.2030022,Italie,1,183
Los Jabalíes Single Vineyard Malbec,2.2312756,Argentine,1,284
Red Blend,1.3864021,États-Unis,1,457
Étoile Rosé,1.3876698,France,2,183
Dieci Brunello di Montalcino,1.0,Italie,1,43
Fleur de Miraval Exclusivement Rosé Champagne,,France,1,304
EABA,2.0294268,États-Unis,1,151
Petracs Furmint,1.8436364,Hongrie,1,200
Todeschini Distique Saint-Émilion Grand Cru,1.7351134,France,2,185
Trittenheimer Apotheke,1.8302392,Allemagne,1,27
Ligne de Crete Les Grandes Vignes Hermitage,1.631081,France,2,76
Os Paulistas Chão dos Eremitas Vinhas Velhas,1.7124717,Portugal,1,334
Tinto,2.1377509,Espagne,1,803
Duna Mirante Primitivo di Manduria,2.53,Italie,1,96
Crescendo,1.6301999,Afrique du Sud,1,1347
Triglia Negroamaro Rosato,1.8206863,Italie,1,278
Batard-Montrachet Grand Cru,1.9094286,France,1,34
Luminaria Primitivo di Manduria,2.9457364,Italie,1,563
Vieilles Vignes La Parcelle 8 Apalta,1.3568329,Chili,1,184
Single Barrel Champagne Grand Cru 'Le Mesnil-sur-Oger',,France,1,34
Tinto,1.2881361,Espagne,1,203
Grande Cuvée Luigi Moio,1.1800001,Italie,3,80
Vinha dos Utras,1.3387866,Portugal,1,65
Tinto,1.8986242,Espagne,2,585
802.A Superblend,1.6371841,Australie,1,66
Clos Le Léon Dizy Champagne,,France,1,53
Rocche di Castiglione Barolo,1.4408801,Italie,1,131
Elevage Branco,1.3070526,Portugal,1,53
Moss Blanc Verdicchio dei Castelli di Jesi Classico Superiore,2.0241096,Italie,1,94
Academia Purcari Rară Neagră,,Moldavie,1,73
Paralupi Appassimento,2.8846805,Italie,1,575
Collection Fût de Chêne Brut Champagne Grand Cru 'Ay',,France,1,58
