Country,Reviews,Rating,Tannin,Acidity,Vintage Rating,Keywords_count
'Giulio Ferrari' Riserva del Fondatore,12592,4.6,,3.3285792,4.14,2
110 e Lode Merlot,174,4.4,3.3302798,2.6912735,0.0,1
123 Brunello di Montalcino Riserva,525,4.4,3.6491272,3.8688908,0.0,6
1694 Classification Red,1841,4.5,3.1595838,3.0413423,4.5,8
25 anni Montefalco Sagrantino,5419,4.3,3.512506,3.1158633,4.4,9
30 Year Old Tawny Port,602,4.4,,2.9178329,4.4,1
40 Years Old Tawny Port,357,4.4,,3.147774,4.4,2
5 Puttonyos Aszú (Blue Label),11106,4.4,,4.947574,4.4,5
5 Stelle Sfursat,10740,4.5,4.336158,4.598433,4.4750000000000005,9
50 & 50,9157,4.4,3.1226244,3.2017627,4.433333333333334,8
50 Old Vines Vecchie Vigne Negroamaro,510,4.4,3.1225617,2.4967277,4.4,7
6 Anime Puglia Rosso,2476,4.3,2.6744978,2.135559,4.5,8
60 Sessantanni Old Vines Primitivo di Manduria,94289,4.5,2.2129438,1.789258,4.45,9
80 Vecchie Vigne Primitivo di Manduria Old Vines,2476,4.4,2.2367518,1.8199955,4.5,8
802.A Superblend,66,4.5,3.1516244,3.0317688,4.5,4
888 Pinotage Gold,234,4.6,2.963426,2.7733798,0.0,4
A50 Amarone della Valpolicella,100,4.6,1.8407408,2.0425925,4.5,1
ARTEMIS Cabernet Sauvignon,81351,4.4,3.286232,3.383825,4.5,9
Academia Purcari Rară Neagră,73,4.5,,,4.5,2
Aconcagua Valley,18482,4.5,3.5512285,3.1234899,4.460000000000001,9
Adrianna Vineyard Fortuna Terrae Malbec,2589,4.5,2.59951,2.870812,4.6,8
Adrianna Vineyard Mundus Bacillus Terrae Malbec,1358,4.6,2.6043994,2.8717265,4.566666666666666,8
Aegusa,81,4.6,,,0.0,1
Ai Suma Barbera d'Asti,3012,4.4,2.3706212,3.894353,4.5,8
Aile d'Argent Blanc Bordeaux,4790,4.2,,2.8267791,4.4,5
Alabaster,2708,4.6,3.296595,2.7305465,4.6499999999999995,8
Alexander Valley Cabernet Sauvignon,46066,4.4,3.3149757,2.9983644,4.5,9
Almaviva,48075,4.6,3.53141,3.0401866,4.533333333333333,9
Alpine Hillside Pinot Noir,46,4.5,2.0811193,3.6003733,0.0,4
Altagracia Cabernet Sauvignon,3083,4.4,3.5206296,3.505831,4.4,9
Altero Brunello di Montalcino,4620,4.4,3.517492,3.8212059,4.466666666666667,8
Altura,2733,4.5,3.4341447,3.0880187,4.6,7
Altura Máxima Malbec,2168,4.4,2.7976477,2.885381,4.5,9
Alàuda,670,4.5,3.036426,3.071004,0.0,8
Amancio,2076,4.5,3.8004334,3.690204,0.0,8
Amarone Classico Monte Danieli,504,4.4,2.4624083,2.4180279,4.5,5
Amarone Della Valpolicella Marta Galli,1085,4.2,2.1693032,2.306526,4.4,8
Amarone Senza Titolo,225,4.5,1.9685713,2.3472683,0.0,5
Amarone Stella,533,4.5,2.3210618,2.858761,3.0666666666666664,4
Amarone della Valpolicella,4689,4.3,2.2820804,2.3465822,2.575728155339806,9
Amarone della Valpolicella Classico,18720,4.4,2.3217719,2.3302438,3.8045454545454547,9
Amarone della Valpolicella Classico Mater,739,4.5,2.2984686,2.3198988,0.0,6
Amarone della Valpolicella Classico Riserva,587,4.8,2.327957,2.4278033,0.0,7
Amarone della Valpolicella Classico Riserva (Sergio Zenato),9963,4.5,2.303083,2.2202897,4.5249999999999995,9
Amarone della Valpolicella Monte Lodoletta,7947,4.7,2.4933603,2.235851,4.3307692307692305,9
Amarone della Valpolicella Riserva,958,4.4,2.2274282,2.49915,0.0,8
Amarone della Valpolicella Vigna Garzon,4227,4.4,2.3032715,2.3771174,4.4,9
Amaya Arzuaga (Colección),1179,4.3,3.3883185,3.6540797,4.5,7
Amour de Deutz Millesimé Rosé Brut Champagne,536,4.5,,4.309211,4.6,3
Amour de Deutz Millésimé Brut Champagne,5532,4.5,,4.2636185,4.55,2
Ampio,481,4.6,3.1249957,3.1355183,4.6,6
Annonciade Champagne,137,4.3,,4.438599,4.5,2
Annunziata Barolo Riserva,138,4.4,4.6669974,4.8139467,4.5,3
Aphrodite,367,4.4,3.4953165,3.537,0.0,8
Aquilon Garnacha,1343,4.6,2.9604108,3.093791,4.6,8
Arborina Barolo,2527,4.4,4.331842,4.596376,2.25,9
Arché,429,4.4,3.135536,2.9899054,4.5,3
Ares,1995,4.4,3.2092862,3.0160916,4.5,8
Asili Barbaresco Vecchie Viti,668,4.4,4.1181383,4.4989524,0.0,7
Aszú 6 puttonyos,2450,4.5,,4.8832455,4.4,3
Aszú Eszencia,283,4.5,,4.7944446,0.0,2
Attunga 1865 Shiraz,371,4.4,3.2360806,2.999023,0.0,8
Au Paradis Cabernet Sauvignon,3004,4.6,3.2170093,3.2921212,4.5,8
Avizoise Blanc de Blancs Extra Brut Champagne Grand Cru 'Avize',1278,4.4,,4.6446457,0.0,2
B Bordicon Blend,1088,4.3,3.280962,3.685791,4.5,9
Baffonero Maremma Toscana,1682,4.5,3.180012,3.1772227,2.25,8
Barbaresco,24516,4.5,4.015384,4.6545653,4.54375,9
Barbaresco Albesani,183,4.5,4.0751266,4.6250806,4.5,2
Barbaresco Asili,710,4.4,4.14382,4.664794,0.0,5
Barbaresco Gaiun Martinenga,2298,4.3,4.05455,4.591956,4.4,8
Barbaresco Rabajà,5469,4.3,4.004881,4.594954,4.5,9
Barbera d'Alba Vigna Francia,7315,4.3,2.3515034,3.8663404,4.4,9
Barolo Arione,259,4.6,4.1590405,4.0684004,3.4749999999999996,5
Barolo Bricco Gattera,2365,4.4,4.3506813,4.5690866,4.5,9
Barolo Bricco Rocche,2923,4.4,4.3411164,4.663758,4.5,9
Barolo Brunate,4295,4.3,4.3491044,4.572561,4.440625,9
Barolo Bussia,4525,4.4,4.3328404,4.4169183,4.4,9
Barolo Bussia Cicala,3346,4.4,4.343274,4.518978,4.45,9
Barolo Bussia Romirasco,1544,4.5,4.434198,4.677045,0.0,9
Barolo Bussia Vigna Munie,141,4.4,4.291106,4.493274,0.0,6
Barolo Cannubi,1852,4.3,4.4622173,4.680343,4.4,9
Barolo Cannubi Boschis,4298,4.4,4.278373,4.490502,4.4,9
Barolo Cascina Francia,6045,4.5,4.3313737,4.5209603,4.5874999999999995,9
Barolo Cerequio,3839,4.3,4.4023557,4.5820665,4.4,9
Barolo Cerretta,1921,4.2,4.3894467,4.6620226,3.0875,9
Barolo Ciabot Mentin Ginestra,3525,4.3,4.4585395,4.607701,4.4,9
Barolo Enrico VI,3107,4.4,4.197519,4.4703164,2.9333333333333336,8
Barolo Ginestra Casa Maté,4116,4.4,4.269364,4.50987,4.4,9
Barolo Ginestra Vigna del Gris,3333,4.3,4.4271502,4.6171455,4.5,9
Barolo Le Vigne,5026,4.3,4.371829,4.557749,4.45,9
Barolo Monprivato,6966,4.4,4.265546,4.551566,4.514285714285714,9
Barolo Monvigliero,1163,4.2,4.4151855,4.5930014,4.5,9
Barolo Paiagallo,1917,4.3,4.4286523,4.470939,4.4,8
Barolo Prapò,2450,4.3,4.2461057,4.5526896,4.4,9
Barolo Riserva,12663,4.3,4.283502,4.5947633,2.7181818181818183,9
Barolo Riserva Bricco Boschis Vigna San Giuseppe,4030,4.3,4.4499836,4.575484,4.4,8
Barolo Riserva Cannubi 1752,451,4.5,4.3238544,4.2767024,0.0,7
Barolo Riserva Granbussia,1728,4.5,4.342974,4.5848675,4.6,8
Barolo Riserva Leon,948,4.4,4.4133496,4.65733,4.4,9
Barolo Riserva Monfortino,5013,4.7,4.350989,4.513654,4.6000000000000005,9
Barolo Riserva Monprivato Cà d'Morissio,588,4.6,4.506091,4.6706405,4.625,5
Barolo Riserva Vigna Rionda,3530,4.3,4.3764653,4.5637417,4.45,9
Barolo Riserva Villero,803,4.6,4.602165,4.699738,4.6,6
Barolo Rocche,1615,4.4,4.192189,4.443262,1.78,9
Barolo Rocche di Castiglione,1272,4.4,4.3769674,4.6330266,0.0,9
Barolo Sorì Ginestra,4827,4.3,4.4165354,4.607528,4.466666666666667,8
Baron de L Pouilly-Fumé,9002,4.4,,3.850036,4.4,5
Barrosu Cannonau di Sardegna Riserva Franzisca,794,4.4,3.0682156,3.1168516,4.5,4
Barsac (Premier Grand Cru Classé),6028,4.4,,4.358521,3.375,3
Barón de Chirel Rioja Reserva,8578,4.4,3.665263,3.5531914,4.5,8
Bassolino di Sopra Brunello di Montalcino,174,4.6,3.7133453,3.8497093,4.55,5
Beaune 1er Cru 'Clos des Mouches' Blanc,3093,4.4,,3.1847384,4.5,6
Beckstoffer To Kalon Vineyard Cabernet Sauvignon,1557,4.6,3.3129437,3.356546,4.5,8
Belle Epoque Brut Champagne,20992,4.5,,4.3558774,4.4,6
Belles Soeurs Cuvée Pinot Noir,229,4.4,2.244193,3.9554749,4.5,7
Belondrade y Lurton,13567,4.4,,3.07816,4.4,6
Ben Ryé Passito di Pantelleria,21351,4.5,,,4.4,7
Beyond the Clouds,4760,4.4,,3.2295082,0.0,5
Bibbona,5981,4.5,3.022905,3.1019683,4.6,8
Bienvenues-Bâtard-Montrachet Grand Cru,480,4.5,,3.3403745,1.175,1
Big'd Big Barolo,1148,4.4,4.242019,4.5567408,0.0,9
Blanc,2053,4.3,,2.4751124,4.6,4
Blanc de Blancs Brut Champagne (Vintage),6400,4.3,,4.472281,4.4,5
Blanc de Blancs Brut Champagne Grand Cru,5553,4.4,,4.291068,4.4,1
Blanc des Millénaires,5581,4.6,,4.454617,4.4,4
Blueline Estate Cabernet Sauvignon,1321,4.5,3.4550798,3.3677397,4.5,9
Boal Madeira,1023,4.5,,4.0002613,4.6,4
Bolgheri Superiore,47939,4.6,3.8922803,3.4603708,4.579310344827586,9
Bolgheri Superiore Sondraia,12843,4.2,3.9485788,3.4810367,4.4,9
Bonnes Mares Grand Cru,452,4.4,2.7849274,4.127239,0.0,9
Bonnes-Mares Grand Cru,2595,4.5,2.7975812,4.1815014,1.125,9
Book 17 XVII,814,4.7,3.4206069,3.7373917,4.6,8
Bordeaux,2246,4.3,3.5683084,3.9396377,4.4,8
Bramare Malbec Uco Valley,19752,4.4,2.7679684,2.697112,4.5,9
Bramare Marchiori Vineyard Malbec,8713,4.5,2.5201719,2.6405706,0.0,8
Bric Dël Fiasc Barolo,4947,4.3,4.374409,4.6329103,4.45,9
Bricco dell'Uccellone Barbera d'Asti,17625,4.3,2.405632,3.8818424,4.4,9
Brunate  Barolo,1289,4.5,4.4732776,4.668839,2.25,9
Brunello di Montalcino,25989,4.4,3.5789404,3.8184934,4.103490136570562,9
Brunello di Montalcino  Montosoli,6176,4.4,3.6159627,3.9027393,4.433333333333334,9
Brunello di Montalcino Riserva,1875,4.5,3.4976366,3.8509295,2.8706319702602228,9
Brunello di Montalcino Riserva Madonna del Piano,3506,4.5,3.7303543,3.909161,4.6000000000000005,9
Brunello di Montalcino Riserva Pian di Conte,1118,4.3,3.500469,3.8143263,4.4,7
Brunello di Montalcino Riserva Pianrosso Santa Caterina d'Oro,1971,4.5,3.66428,3.9761274,4.5,9
Brunello di Montalcino Riserva Vigna Paganelli,7123,4.3,3.743623,3.8713474,4.4,9
Brut Champagne,146377,4.6,,4.3640895,4.58,9
Brut Champagne (Gold),3874,4.4,,4.178781,4.4,2
Brut Cuvée Champagne Rosé,36681,4.4,,4.250294,4.4,7
Brut Rosé Champagne,21147,4.4,,4.180463,4.464516129032258,9
Bual Madeira,187,4.4,,4.0222726,0.0,2
Buisson Renard,2119,4.3,,3.9708703,4.4,2
Bure Alto Amarone  della Valpolicella Classico Riserva,132,4.6,2.086923,2.2535899,2.35,3
Bâtard-Montrachet Grand Cru,1182,4.5,,3.205611,0.8454545454545456,5
CASK 23 Cabernet Sauvignon,9464,4.6,3.3346488,3.3622434,4.6,9
Cabernet - Cabernet,27436,4.3,3.288324,3.1445348,4.4,7
Cabernet Sauvignon,28544,4.4,3.3714912,3.3340175,3.3773195876288655,9
Cabernet Sauvignon (Signature),13730,4.6,3.4223385,3.4052458,4.6,9
Cabernet Sauvignon Coeur De Vallée,544,4.6,3.4367423,3.6127534,0.0,9
Calcarole Amarone della Valpolicella Classico,2757,4.6,2.1739233,2.199505,4.5,8
Calle Merlot Rosso Veronese,1053,4.4,2.9226327,2.3299327,4.4,5
Campo Alla Sughera,888,4.4,2.921205,3.096663,4.45,6
Campo Inferi Amarone della Valpolicella Classico Riserva,2112,4.6,2.4400218,2.2221038,4.633333333333333,6
Campo León Amarone della Valpolicella,7778,4.4,2.2959945,2.328538,4.4,9
Campo dei Gigli Amarone della Valpolicella,5050,4.4,2.3940825,2.252263,4.4,8
Campo del Drago Brunello di Montalcino,2854,4.4,3.7435818,3.9112031,4.5,9
Campo del Titari Amarone della Valpolicella Classico Riserva,2946,4.6,2.367429,2.2957995,4.6,8
Campogiovanni Brunello di Montalcino Riserva Il Quercione,1107,4.5,3.4581358,3.803408,4.5,8
Campolongo di Torbe Amarone della Valpolicella Classico,4392,4.5,2.3750587,2.2195082,3.0,9
Camí Pesseroles,1083,4.5,3.3610651,3.5379124,0.0,8
Cannubi Barolo,228,4.5,4.4579563,4.723556,0.0,1
Capellanía Reserva,7314,4.1,,3.2488387,4.4,7
Capitel Monte Olmi Amarone della Valpolicella Classico Riserva,4229,4.3,2.4783933,2.4235454,4.4,9
Carabantes Syrah,4523,4.2,2.9519954,2.6460416,4.4,9
Carmin,931,4.4,3.7262545,3.7490327,0.0,7
Carpathia Heritage,166,4.4,3.268372,3.1726356,4.5,3
Carruades de Lafite Pauillac,13866,4.4,4.0219874,4.112083,4.45,9
Castellberg Pinot Noir,187,4.4,2.311893,3.5972824,0.0,4
Castello della Sala Cervaro della Sala,30203,4.4,,3.8587165,4.433333333333334,7
Castello della Sala Muffato della Sala,6356,4.3,,,4.5,1
Castillo Ygay Gran Reserva Especial Tinto,23170,4.5,3.7520678,3.7596183,4.6,9
Cava Celler Batlle,1575,4.3,,3.4646797,4.4,1
Ca’ del Merlo Rosso Veneto,2198,4.5,2.7463377,2.4017632,4.45,9
Cepparello Red,12191,4.3,3.0117443,3.1967108,4.4,9
Cerretalto Brunello di Montalcino,5373,4.7,3.6501353,3.8362374,4.683333333333334,9
Cerretta Barolo Riserva (Vigna Bricco),2065,4.5,4.583418,4.644659,4.466666666666667,9
Chablis Grand Cru 'Valmur',1653,4.5,,3.878626,0.0,2
Chafandin,2570,4.2,3.6940742,3.8019114,4.4,7
Chambertin Clos de Bèze Grand Cru,983,4.4,2.7508845,4.0507774,0.0,9
Chambertin Grand Cru,1293,4.3,2.7089093,3.9825957,2.5934065934065935,9
Chambertin-Clos de Bèze Vieilles Vignes Grand Cru,358,4.5,2.7000108,4.131356,4.6,7
Chambertin-Clos-de-Beze Grand Cru,611,4.5,2.48205,4.1592665,0.0,8
Chambolle-Musigny,3455,4.3,2.600401,4.0891213,4.5,8
Chambolle-Musigny 1er Cru 'Les Amoureuses',59,4.5,2.426795,4.3290386,0.0,1
Chambolle-Musigny Les Baudes,525,4.2,2.7171526,4.360476,4.5,7
Chambolle-Musigny Les Cabottes,413,4.4,2.5458186,4.1607304,0.0,7
Chambolle-Musigny Premier Cru 'Les Feusselottes',262,4.4,2.4941669,3.87661,0.0,2
Chambolle-Musigny Premier Cru Les Charmes,364,4.4,2.6164844,4.2270317,0.0,4
Champ Cain Extra Brut Champagne Grand Cru 'Avize',234,4.4,,4.2807527,0.0,1
Champagne,1021,4.5,,4.522913,0.0,2
Chapelle d'Ausone Saint-Émilion Grand Cru,1086,4.4,3.4600708,3.4394982,0.9199999999999999,8
Chapelle-Chambertin Grand Cru,188,4.5,2.607034,4.219708,0.0,3
Chardonnay,18694,4.3,,2.992915,4.428571428571429,8
Charmes-Chambertin Grand Cru,709,4.4,2.8281336,4.2005577,0.7674698795180722,8
Charmes-Chambertin Grand Cru Les Mazoyères,548,4.4,2.4620166,3.7261949,0.0,5
Chassagne-Montrachet,3269,4.3,,3.2823174,4.4,5
Chassagne-Montrachet 1er Cru 'Morgeot',329,4.4,,3.266263,0.0,2
Chassagne-Montrachet Premier Cru 'Morgeot' Blanc,1701,4.4,,3.190376,0.0,2
Chassagne-Montrachet Premier Cru Morgeot Marquis de Laguiche ,1640,4.5,,3.2229097,4.55,4
Chateau Buena Vista Cabernet Sauvignon Napa Valley,13415,4.3,3.2363372,3.289551,4.4,9
Chateauneuf-Du-Pape Cuvée Des Générations Marie Leoncie,1041,4.4,,3.090322,0.0,2
Chateauneuf-du-Pape Réserve des Célestins,1633,4.6,3.0196457,3.1329765,2.3,9
Chevalier-Montrachet Grand Cru,2340,4.6,,3.2542887,4.7,3
Chevalier-Montrachet Grand Cru Blanc,1283,4.4,,3.2550032,4.5,4
Chloe Chardonnay,458,4.5,,3.1829827,0.0,2
Château Margaux (Premier Grand Cru Classé),45350,4.6,3.8258963,4.170338,4.635714285714286,9
Châteauneuf-Du-Pape Cuvée Des Générations Gaston-Philippe,2077,4.4,3.0934217,3.1158712,4.5,9
Châteauneuf-du-Pape,13917,4.2,2.8783433,3.0795522,4.566666666666666,9
Châteauneuf-du-Pape Amiral G,536,4.5,3.2330108,3.0538173,4.6,7
Châteauneuf-du-Pape Chaupin,4483,4.2,2.9245813,3.0871341,4.4,9
Châteauneuf-du-Pape Réservé Blanc,668,4.4,,3.2144742,4.6,1
Ciliegio Amarone della Valpolicella,76,4.5,2.0613334,2.2506666,0.0,2
Cinque Autoctoni Collection Limited Release,4281,4.4,2.8115416,2.9294932,4.4,8
Cirsion Rioja,3474,4.6,3.8563433,3.711729,2.25,9
Clio,24553,4.5,2.9357808,2.9907131,4.5,9
Clos Apalta,23256,4.6,3.546138,3.067916,4.6,9
Clos Saint Denis Grand Cru,474,4.4,2.5575855,4.1495495,0.0,4
Clos Saint-Denis Grand Cru,40,4.6,2.1033332,4.3766665,0.0,1
Clos Sainte Hune Riesling Alsace,4106,4.5,,4.4354753,4.525,4
Clos Vougeot Grand Cru,226,4.4,2.9310076,4.3224115,1.0975609756097562,7
Clos de Bèze Grand Cru,635,4.5,2.6774049,4.059696,0.0,9
Clos de L'Obac,2588,4.4,3.325913,3.516844,4.6,9
Clos de Tart Grand Cru,214,4.6,2.92445,4.0906606,0.0,3
Clos de Tart Grand Cru Monopole,4948,4.5,2.7014532,4.171164,4.7,8
Clos de Vougeot,608,4.4,2.907331,4.0593004,0.0,5
Clos de Vougeot Grand Cru,467,4.3,2.5358272,4.235216,4.5,6
Clos de la Coulée de Serrant,8365,4.3,,4.7550335,4.4,7
Clos de la Roche Grand Cru,429,4.4,2.7189612,4.029349,0.0,7
Clos de la Roche Grand Cru Cuvée Vieilles Vignes,2678,4.4,2.6762874,4.208333,3.2142857142857144,8
Clos des Goisses Champagne,4662,4.5,,4.4161983,0.0,8
Clos des Lambrays Grand Cru,6431,4.4,2.650363,4.186641,4.45,9
Clos des Porrets Nuits-Saint-Georges 1er Cru,3063,4.1,2.77446,4.1547327,4.4,9
Clos du Mesnil,2471,4.7,,4.546456,4.766666666666667,2
Colheita Port,8039,4.2,,3.0321395,4.5,5
Colheita Porto,741,4.4,,3.048492,4.5,6
Collection,2184,4.7,,4.5422707,4.666666666666667,3
Collina Rionda di Serralunga Barolo,156,4.5,3.8716595,4.2120852,0.0,3
Colore Toscana,1415,4.4,3.0629816,3.3819811,4.4,9
Comtes de Champagne Blanc de Blancs,27449,4.5,,4.404773,4.5,7
Conde de Superunda,3237,4.2,,,4.5,8
Contador Rioja,2240,4.6,3.7109313,3.5871537,4.6,8
Conteisa Langhe,2295,4.5,3.5828598,3.4485388,4.5,9
Continuum Estate,6949,4.6,3.5678773,3.8341439,4.625,9
Corte di Cama Sforzato di Valtellina,3211,4.3,4.2303834,4.5061083,4.4,7
Corton Grand Cru 'Clos Rognet',543,4.4,2.3959322,3.771881,0.0,5
Corton-Bressandes Grand Cru,861,4.4,2.3176732,3.7803164,0.0,7
Corton-Charlemagne Grand Cru,5755,4.4,,3.1831756,3.549425287356322,8
Corton-Charlemagne Grand Cru Blanc,2453,4.4,,3.2267067,0.0,3
Cos d'Estournel,43704,4.4,4.2301917,4.2013316,3.7,9
Cosimo Varvaglione Collezione Privata Negroamaro del Salento,826,4.3,2.7886288,2.5906193,4.4,8
Cosimo Varvaglione Collezione Privata Primitivo di Manduria,5016,4.5,2.2416334,1.8888605,4.4,8
Costa Russi (Barbaresco) Langhe,2876,4.6,3.962805,4.6500616,4.05,9
Costasera Amarone della Valpolicella Classico,93397,4.3,2.241271,2.2137997,4.4,9
Coteau de Vernon Condrieu,2015,4.5,,2.4052055,0.0,6
Cream Tradición Vos 20 Years,623,4.4,,3.5464005,4.4,1
Cresasso Corvina Veronese,2333,4.2,2.8751512,2.2652118,4.4,7
Crescendo,1347,4.3,3.480235,3.6205332,4.4,9
Crichet Pajè Barbaresco,584,4.5,4.153728,4.666076,0.0,6
Cristal Brut Champagne (Millésimé),42456,4.6,,4.416872,4.642857142857143,6
Cristal Rosé Brut Champagne (Millésimé),5883,4.6,,4.497997,4.7,6
Croce Del Gal Riserva Amarone della Valpolicella Classico,188,4.6,2.5947554,2.4575524,0.0,1
Cuvée Annamaria Clementi (Extra Brut),7928,4.5,,3.8442688,4.466666666666667,4
Cuvée Impériale Châteauneuf-du-Pape,1881,4.3,2.8309696,3.1300437,4.4,9
Cuvée Kermesse Rosso,1153,4.2,3.090991,2.518945,4.4,4
Cuvée N Viñas Viejas,263,4.5,3.4799144,2.9813602,0.0,1
Cuvée Nicolas François Billecart Brut Champagne,6228,4.5,,4.494786,4.4,7
Cuvée Risleus Brut Champagne Premier Cru,415,4.4,,4.3493085,4.4,3
Cuvée des Cadettes Châteauneuf-du-Pape,3283,4.4,2.8770597,3.0606353,4.5,9
Cuvée des Enchanteleurs Brut Champagne,1732,4.5,,4.4428163,4.65,2
Cà Bertoldi Amarone della Valpolicella Classico,3708,4.3,2.1124525,2.2030034,4.5,8
Côte Rôtie La Brocarde,278,4.4,3.5617976,3.8583148,0.0,7
Côte à Côte Estate,1133,4.4,3.468108,3.6084716,0.0,9
Côte-Rôtie,7177,4.4,4.059664,3.9255815,4.4,9
Côte-Rôtie La Landonne,4068,4.6,4.1336656,3.8996758,4.6,9
Côte-Rôtie La Mouline,4380,4.6,3.8802671,3.8720932,3.45,9
Côte-Rôtie La Turque,4891,4.6,3.9625063,3.877427,4.625,9
Côtes de Bourg,8249,4.4,3.5007095,3.748591,2.25,9
Côtes du Rhône,8196,4.3,2.9252746,3.3747108,4.4,9
Cěrǎsum Riserva Amarone della Valpolicella,460,4.4,2.2319505,2.254099,0.0,1
Dagromis Barolo,20685,4.3,4.2813616,4.5853696,4.4,9
Dalmau Rioja,7868,4.4,3.8692777,3.778889,4.5,9
Darmagi Langhe,3184,4.5,3.1359265,2.4285307,3.425,9
De Buris Amarone della Valpolicella Classico Riserva,574,4.7,2.291238,2.5711343,4.6,6
Delicado Cosecha Pedro Ximénez,870,4.4,,3.0970087,4.5,1
Denarius Graves,129,4.5,4.151493,4.5049257,2.3,2
Dieci Brunello di Montalcino,43,4.6,3.9116054,3.931605,4.6,2
Dogs of the Barossa Shiraz,264,4.4,3.2874637,3.048867,0.0,7
Dolç de L'Obac,440,4.4,,,0.0,7
Dom Ruinart Blanc de Blancs Brut Champagne,18466,4.5,,4.2583113,4.6,8
Domaine Grand Veneur Châteauneuf-Du-Pape Vieilles Vignes,875,4.3,3.0592542,3.08676,4.5,9
Domaine des Tourettes Hermitage Rouge,3806,4.3,4.057726,3.5418537,4.4,9
Dominus (Christian Moueix),22117,4.5,3.5360577,3.8267472,4.7,9
Domus Aurea Cabernet Sauvignon,9603,4.4,3.304302,3.0334966,4.4,9
Don PX Convento Selección,1224,4.7,,2.2442873,2.35,9
Don PX Selección,326,4.5,,2.3066726,4.55,6
Dona Ermelinda Grande Reserva,933,4.4,3.301781,2.8185594,4.4,3
Douro,6214,4.4,3.5653784,3.0951936,4.5,9
Douro Pintas Tinto,4167,4.5,3.659873,3.1070662,4.55,9
Douro Quinta da Manoella VV Tinto,2548,4.3,3.704223,3.239602,4.533333333333333,9
Duemani Cabernet Franc,2339,4.4,3.0741181,3.2126977,4.5,9
Duna Mirante Primitivo di Manduria,96,4.5,2.2,1.875,0.0,1
EABA,151,4.6,3.7678387,3.2767448,0.0,6
Echezeaux Grand Cru,1311,4.5,2.6843195,4.1542106,0.9199999999999999,8
Eight Years In The Desert,27195,4.4,2.5545352,1.9226278,4.4,9
El Carretil,748,4.5,3.8857245,3.374203,2.3,8
El Escolladero,161,4.4,3.50615,3.8649592,0.0,5
Ermitage Ex-Voto,1804,4.4,4.097775,3.5583098,3.0,9
Ermitage l'Ermite Blanc,296,4.5,,2.3164318,2.35,6
Es Riserva,371,4.5,2.7557464,2.3256347,0.0,3
Esporão Private Selection Tinto,12566,4.3,3.1646738,2.9711084,4.4,9
Evenstad Reserve Pinot Noir,11531,4.4,2.1460867,3.848453,4.4,9
FAY Cabernet Sauvignon,10840,4.5,3.2626133,3.3367584,4.5,9
Faith,1048,4.5,3.4755833,2.907444,0.0,8
Falletto Barbaresco Asili,3450,4.4,4.036474,4.7242866,4.4,9
Falletto Barbaresco Rabaja,448,4.4,4.1209636,4.74757,4.5,8
Falletto Barolo,1760,4.4,4.298659,4.714246,4.4,9
Falletto Barolo Le Rocche del Falletto,1883,4.5,4.315218,4.6375737,4.566666666666666,9
Falletto Barolo Le Rocche del Falletto Riserva,622,4.6,4.443436,4.675603,3.3,6
Fanòi Primitivo,695,4.4,2.1304173,1.7209091,4.5,6
Ferro,499,4.5,3.1704433,3.0308511,4.5,8
Fieramonte Amarone della Valpolicella Riserva,315,4.7,2.4112194,2.3013904,2.35,4
Finca Altamira Malbec,8093,4.5,2.6432955,2.8588457,4.6,9
Finca Bella Vista Malbec,7663,4.5,2.6162858,2.8418646,4.5,8
Finca Garbet,573,4.6,3.1087425,3.0190568,4.5,6
Finn Pinot Noir,331,4.5,2.0485728,3.3614087,0.0,5
Fino La Barajuela,222,4.4,,,0.0,2
Flaccianello della Pieve,21518,4.5,3.1631904,3.19551,4.4799999999999995,9
Flor de Pingus,32932,4.5,3.5276117,3.7273152,4.5,9
Fort Ross Seaview Home Field Pinot Noir,483,4.4,2.0731697,3.4607437,0.0,6
Fossati Barolo,116,4.5,4.80064,4.790533,0.0,3
Fratini Bolgheri Superiore,153,4.8,3.7667968,3.3064845,0.0,1
Freienfeld Cabernet Sauvignon Riserva,173,4.4,3.1995988,2.88696,0.0,5
Fusion V,12877,4.4,3.4252377,3.678904,4.5,9
Félix Callejo (Viñedos de la Familia),1341,4.3,3.7325103,3.7628725,4.5,8
Gabbro Toscana,921,4.4,3.1783893,3.079783,4.5,8
Gaia & Rey Langhe,5909,4.5,,3.221216,4.6,5
Galatrona,7971,4.3,3.055552,3.112219,4.425000000000001,9
Gallina Barbaresco,1017,4.4,3.9500387,4.612218,3.2142857142857144,7
Gardarèm,1308,4.4,3.2220683,3.4020553,0.0,7
Gaudium,7414,4.3,3.9184062,3.7049477,4.4,8
Georges De Latour Private Reserve Cabernet Sauvignon,12652,4.4,3.3315527,3.3221471,4.5,9
Gevrey Chambertin 1er Cru 'Aux Combottes',1002,4.4,2.8043034,4.1931877,0.0,8
Giallo d'Arles Greco di Tufo,3274,4.3,,2.8980155,4.4,2
Ginés Liébana Pedro Ximénez,120,4.6,,2.6156108,2.3,1
Giorgio Bartholomäus,554,4.4,3.2496185,3.150352,4.5,7
Giramonte Toscana,1678,4.4,2.872114,3.096134,4.4,9
Giunonico Riserva Primitivo di Manduria,460,4.4,2.5188973,2.4705703,0.0,6
Gold Series Syrah,477,4.4,3.75523,3.1688762,0.0,8
Gorgona,592,4.4,,3.869,4.5,1
Gorgona Rosso,119,4.5,2.6971886,3.18,0.0,3
Graacher Himmelreich Riesling Auslese 'Goldkapsel',119,4.6,,4.6801662,0.0,2
Graal Amarone della Valpolicella Valpantena,328,4.4,2.8733432,2.7646627,0.0,6
Grace Vineyard Pinot Noir,385,4.5,2.180648,3.6374085,0.0,5
Gran Buig Priorat,125,4.6,3.4454544,3.7094045,0.0,3
Gran Corte (VII),15016,4.4,3.1179137,3.0944748,4.5,9
Gran Enemigo,18739,4.5,3.5904343,3.618031,4.5,9
Gran Malbec (X),12579,4.3,2.8184214,2.6869044,4.4,8
Gran Reserva 890,11347,4.5,3.687399,3.7349415,4.5,9
Gran Reserva Ribera del Duero,2777,4.5,3.507639,3.7277484,4.4,9
Gran Reserva Rioja (Finca Ygay),9595,4.3,3.7326818,3.701244,4.4,9
Gran VU Blend,2773,4.5,3.571008,2.9918435,4.4,8
Grand Siècle Champagne (Grande Cuvée),9824,4.5,,4.2405996,4.5,6
Grand Vin,343,4.4,3.4871912,3.3251436,4.5,7
Grand Vin Pauillac (Premier Grand Cru Classé),38521,4.6,4.1408772,4.134296,4.659999999999999,9
Grand Vin de Château Palmer (Grand Cru Classé),29026,4.5,3.7986615,4.143142,3.9875,9
Grande Cuvée,28513,4.6,,4.360128,4.6,7
Grande Cuvée I Terlaner,411,4.5,,3.2390347,0.0,1
Grands-Echezeaux Grand Cru,700,4.4,2.7224967,3.8922136,0.0,5
Grands-Échezeaux Grand Cru,544,4.4,2.6211526,4.2671757,4.6,5
Grands-Échézeaux Grande Cuvée Vieilles Vignes,449,4.4,2.6039402,3.914567,4.5,4
Grange,24356,4.7,3.2378497,3.046586,4.675,9
Gratallops Partida Bellvisos,627,4.3,3.3338401,3.4345481,4.5,7
Graticciaia,2451,4.4,2.8002653,2.3604577,4.4,8
Grenache,34,4.5,3.1040003,2.9040003,4.5,3
Guerriero del Mare,3290,4.4,,3.6361923,0.0,1
Guerriero della Terra,10185,4.4,2.6898563,2.8807938,4.4,8
Guglielmi di Jago Amarone della Valpolicella Classico,408,4.4,2.4535384,2.3768718,2.35,2
Habemus Lazio Rosso (Etichetta Rossa),298,4.5,3.2794333,3.2626112,4.6,8
Harimann Montepulciano d'Abruzzo,1086,4.4,3.3048418,3.9217417,0.0,8
Harlan Estate Red,7231,4.7,3.5947363,3.8477607,4.8,9
Harlequin,1276,4.7,3.0811121,2.6530778,4.6000000000000005,8
Helichrysum Brunello di Montalcino,1370,4.4,3.73047,3.8121681,0.0,8
Hermitage La Chapelle Rouge,15298,4.3,3.999296,3.4834516,4.5,9
Historical XIXth Century Wine,807,4.4,,,2.3,7
Hohenmorgen G.C,378,4.4,,4.530173,0.0,2
Hommage à Jacques Perrin Châteauneuf-du-Pape,6121,4.5,2.902904,3.1056042,3.8428571428571425,9
Howell Mountain Cabernet Sauvignon,6466,4.5,3.5621636,3.415652,4.6,9
Hyde Vineyard Chardonnay,265,4.4,,2.8356404,0.0,3
Hérédita Châteauneuf-du-Pape,185,4.5,2.9427907,3.0220466,4.5,5
IX Estate Red,2810,4.7,3.6350627,3.8290682,4.8,9
Ice Wine de Purcari,722,4.5,,,4.6,1
Il 'Divasco' Riserva,255,4.4,3.915937,3.8098495,0.0,7
Il Bacca Old Vine Primitivo di Manduria,2933,4.4,2.3699353,1.8308221,4.4,8
Il Bricco Barbaresco,2299,4.3,4.0229735,4.6537747,4.4,9
Il Pino di Biserno,17566,4.3,3.025851,3.0246398,4.4,9
Il Ritrovo,363,4.4,3.200187,3.0390668,0.0,4
Il San Lorenzo Bianco,673,4.5,,3.7512586,0.0,1
Insignia,30674,4.6,3.4895406,3.8176463,4.625,9
Interpretación,2760,4.4,3.622653,3.5556211,0.0,7
Ipsus Chianti Classico Gran Selezione,185,4.4,3.7746596,3.9390612,4.5,7
Isosceles,18920,4.5,3.697372,3.8931477,4.5,9
Kairos,7364,4.4,2.9441109,2.4236004,3.5600000000000005,8
Kalós Cru Gran Reserva Malbec,3351,4.5,3.2759695,2.821417,4.4,4
Kapnios Aglianico,1134,4.5,2.6401153,2.4206295,4.6,6
Kevin Arnold Shiraz,6987,4.2,3.0410163,3.2652426,4.4,9
Kupra Marche,637,4.5,3.2476058,3.2562952,0.0,4
Kurni Marche,10261,4.6,3.0118766,3.0215945,4.5,9
L'Amarone del Maestro Fornaser,1031,4.6,2.0623736,2.0171123,0.0,4
L'Apparita,3836,4.4,3.0418284,3.1353738,4.07,9
L'Hermitage,8592,4.6,4.076523,3.5292687,4.6,9
LR,503,4.5,,2.8259842,4.55,1
La Chapelle de La Mission Haut-Brion Pessac-Léognan,6754,4.2,4.1879635,4.1492968,4.4,9
La Cueva del Contador Rioja,4013,4.3,3.8145914,3.7476807,4.4,8
La Faraona Bierzo (Corullón),423,4.6,2.9734766,3.6081464,0.0,6
La Grande Année Brut Champagne,24646,4.5,,4.3674808,4.5,8
La Grande Dame Brut Champagne,17474,4.5,,4.434174,4.5,9
La Grande Dame Brut Rosé Champagne,1118,4.6,,4.4572988,4.65,2
La Grande Rue Grand Cru Monopole,1496,4.4,2.6970747,4.36568,1.5,7
La Joie,2285,4.6,3.975856,3.8834448,4.55,9
La Landonne Côte-Rôtie,584,4.5,3.6654665,3.9599433,0.0,8
La Mattonara Amarone della Valpolicella Classico Riserva,1196,4.7,2.2620783,2.2975316,4.6,8
La Muse,1948,4.5,3.8545506,3.8187344,4.6,9
La Nieta,4508,4.6,3.6623647,3.6110392,4.6,8
La Piu Belle,13420,4.6,,,4.4,8
La Poza de Ballesteros,987,4.4,3.7674932,3.3650222,4.5,9
La Ricolma,1525,4.2,3.0506861,3.1633458,4.5,9
La Serra Barolo,1449,4.4,4.4503694,4.578067,0.0,8
La Vina de Corteo,374,4.7,3.6585574,2.9370162,4.6,6
Lagrein Riserva Porphyr,5123,4.4,2.9868026,2.5272794,2.9333333333333336,8
Le Bourg Saumur Champigny,1264,4.5,3.4819372,3.9739747,4.699999999999999,8
Le Désir,1694,4.5,3.9275227,3.8459346,4.5,9
Le Lucére Brunello di Montalcino Riserva,213,4.4,3.6851978,3.807475,0.0,5
Le Mesnil Blanc de Blancs (Cuvée S) Brut Champagne,9564,4.7,,4.508223,4.733333333333333,5
Le Petit Cheval Bordeaux Blanc,782,4.4,,2.9790158,4.4,2
Le Petit Mouton de Mouton Rothschild Pauillac,8214,4.4,4.1678514,4.1714125,4.4,9
Le Serre Nuove,50411,4.3,3.8654778,3.4638002,4.4,9
Les Beaux Monts Vosne-Romanée 1er Cru,787,4.4,2.6404543,4.114098,0.0,3
Les Bessards Hermitage,1515,4.4,4.0391316,3.4622538,0.0,9
Les Blanchiens Brut Nature Champagne Premier Cru,590,4.4,,4.163317,0.0,1
Les Boudots Nuits-Saint-Georges 1er Cru,339,4.4,2.7914405,4.0359554,0.0,7
Les Clos Chablís Grand Cru,1750,4.5,,4.0021567,4.5,1
Les Grandes Places Côte-Rôtie,1316,4.4,3.8541028,3.8559096,2.25,8
Les Manyes,924,4.4,3.4206765,3.5719585,4.6,9
Les Noisetiers,7035,4.4,,3.2327442,4.4,4
Les Ouvrées Rodin Chambertin-Clos de Bèze Grand Cru,33,4.5,2.429747,4.3482275,0.0,1
Les Pavots,4010,4.6,3.8089683,3.7985215,4.7,9
Les Poyeux Saumur Champigny,2005,4.5,3.5094397,3.9530256,4.5,8
Les Ruchons Sancerre Blanc,269,4.4,,4.0176926,4.5,1
Les Sentiers Chambolle-Musigny 1er Cru,1253,4.4,2.5894532,4.025858,0.0,8
Librante Primitivo di Manduria,491,4.4,2.563917,2.0291247,0.0,5
Ligne de Crete Les Grandes Vignes Hermitage,76,4.7,4.2129054,3.6480408,0.0,3
Lilium Est Amarone Della Valpolicella Riserva,733,4.5,2.4084918,2.3784134,4.5,6
Limited Edition 10 Vendemmie,9453,4.5,2.764013,3.6990364,4.5,9
Lindaflor Blend,3550,4.3,2.9406312,3.2285435,4.5,8
Linticlarus Lagrein Riserva,1387,4.2,2.9161847,2.468318,4.4,6
Lion Tamer Napa Valley Red Blend,4981,4.3,3.3586774,3.8570921,4.4,9
Lithology Cabernet Sauvignon,148,4.6,3.7305274,3.3221939,4.5,5
Lodovico,3860,4.6,2.9573863,2.989398,4.642857142857143,9
Los Jabalíes Single Vineyard Malbec,284,4.4,2.9608433,2.9868217,4.5,6
Lot 1,226,4.4,3.5317361,3.8397396,4.7,5
Luce,17470,4.4,3.0761526,3.1256583,4.4,9
Luce Brunello di Montalcino,6544,4.5,3.6287549,3.8107924,4.45,9
Luminaria Primitivo di Manduria,563,4.4,2.104178,1.8724487,4.5,6
Lupi Rezerva,7604,4.5,,,4.55,9
Lupi e Sirene Riserva,1292,4.5,3.6573942,3.8292072,4.5,9
Lupicaia,4414,4.4,3.1133897,3.1440911,4.44,9
Lux Vitis,530,4.5,3.4735754,3.118875,4.5,8
MV,4763,4.5,,4.2182946,4.5,7
MV Rosé,588,4.5,,4.088041,4.5,2
Macán,14368,4.4,3.7554247,3.6024113,4.5,9
Macán Clásico,16525,4.3,3.7565541,3.6308076,4.4,9
Madonna delle Grazie Brunello di Montalcino,2747,4.5,3.6632488,3.8020136,4.625,9
Maggiarino Vino Nobile di Montepulciano,555,4.3,3.5565088,3.783131,4.4,5
Magma,748,4.5,3.105533,2.6935751,0.0,5
Mai The First A.Montes Malbec,6379,4.4,3.0504968,2.8237689,4.4,8
Malbec,33640,4.2,2.6998742,2.717778,4.4,9
Malbec Argentino,47435,4.4,2.6157,2.6859064,4.5,9
Malleolus,34630,4.3,3.5076983,3.6814659,4.4,9
Malleolus de Sanchomartin,3655,4.6,3.6502056,3.7755213,4.5,8
Margaux (Grand Cru Classé),15699,4.2,3.8464792,4.198862,4.4,9
Maria Adelaide Barbaresco,501,4.3,3.9611266,4.516188,4.5,9
Mark Bradford Vineyard Pinot Noir,254,4.5,2.177391,3.90147,0.0,7
Mas Via Gran Reserva Brut,408,4.5,,3.0205164,4.5,2
Maya,1570,4.6,3.5358036,3.8841164,2.3,9
Mazis-Chambertin Grand Cru,433,4.4,2.6929922,4.170031,1.3142857142857143,9
Mazis-Chambertin Grand Cru Cuvée Madeleine Collignon,1016,4.4,2.6312659,3.9900656,4.7,9
Mazzano Amarone Della Valpolicella Classico,3276,4.5,2.589487,2.3791337,4.5,9
Memorias,15980,4.3,,,4.4,9
Mendoza,19849,4.4,3.569831,3.7735553,4.45,9
Merlot,1922,4.4,2.708973,2.5498877,3.0166666666666666,9
Merlot (Signature),2312,4.3,2.379254,1.8657606,4.4,9
Messorio,5514,4.5,3.0368488,3.0969987,4.566666666666666,9
Meursault 1er Cru 'Charmes',242,4.3,,3.2378836,4.5,1
Meursault 1er Cru 'Les Genevrières',606,4.3,,3.3009865,4.5,2
Mille E Una Notte,15865,4.3,3.1133888,2.466708,4.4,9
Millecento Brunello di Montalcino Riserva,1364,4.6,3.5395062,3.8132358,4.55,9
Minami,246,4.4,3.9889214,3.27634,4.4,4
Mironia Black Edition Tempranillo,187,4.5,3.5863314,3.4979887,0.0,4
Miserere,1392,4.3,3.3331068,3.5874398,4.5,8
Moncerbal Bierzo (Corullón),1090,4.3,2.9701667,3.9696674,4.5,8
Mongovone Barbera d'Asti Superiore,2771,4.3,2.233243,3.4402444,4.4,7
Monte Bello,11978,4.5,4.025771,3.931059,4.5,9
Montefico Barbaresco Vecchie Viti,581,4.4,4.201723,4.649112,0.0,5
Montelìg,2905,4.4,3.4917915,3.1128125,4.45,9
Montepulciano d'Abruzzo,10110,4.2,3.0102289,3.902051,3.925,9
Montrachet Grand Cru,459,4.7,,3.2430873,0.0,4
Montrachet Grand Cru Marquis de Laguiche,1970,4.6,,3.1082401,4.8,2
Morey-Saint-Denis Tres Girard,339,4.4,2.625106,4.06517,4.5,7
Mossone,892,4.4,2.990318,3.1251633,0.0,7
Museum Collection White,297,4.4,,,4.6,1
Musigny Grand Cru,739,4.6,2.7951787,4.298304,1.4666666666666666,9
Musigny Grand Cru (Cuveé Vieilles Vignes),3533,4.6,2.6746163,4.1379943,3.0999999999999996,9
N.P.U. Extra Brut Champagne (Nec Plus Ultra),1482,4.5,,4.434429,4.5,1
Nebro Ribera del Duero,647,4.4,3.627431,3.786551,0.0,8
Nebukadnesar,3609,4.4,3.468404,3.7397916,4.4,9
Negru de Purcari Limited Edition,970,4.5,,,4.5,6
Nettare Veneto Bianco,87,4.6,,3.0620143,1.5999999999999999,1
Nicolás Catena Zapata,28227,4.4,3.220787,3.0623786,4.5,9
Nine Popes,2118,4.3,3.1510305,2.9806938,4.4,9
Nosotros Single Vineyard Nómade,9995,4.6,2.8981028,2.6501634,4.5,9
Novicium Estate,495,4.4,3.0751662,3.8662605,4.5,9
Nuits-Saint-Georges,257,4.4,2.4711297,4.156226,0.0,5
Nuits-Saint-Georges 1er Cru 'Aux Thorey',543,4.4,2.585558,4.1987147,0.0,7
Nuits-Saint-Georges 1er Cru 'Clos des Corvées',1245,4.4,2.689529,4.1876044,0.0,7
Nuits-Saint-Georges 1er Cru Les Damodes,793,4.1,2.8115623,4.160488,4.5,6
Octavius Amarone della Valpolicella Riserva,450,4.6,2.3830216,2.1438131,0.0,3
Old Vines Malbec,667,4.2,3.062966,3.0245454,4.4,6
Old Vines Primitivo di Manduria,20904,4.4,2.3452597,1.824051,4.4,7
One Point Five Cabernet Sauvignon,16341,4.5,3.4699059,3.6205707,4.5,9
One Sixteen Chardonnay,1753,4.4,,3.3329105,4.5,3
Opus One,77053,4.6,3.3543363,3.816858,4.6499999999999995,9
Oreno Toscana,12407,4.3,3.1308863,3.1260839,4.4,9
Ornato Barolo,5469,4.4,4.3928475,4.6555104,4.5,9
Os Paulistas Chão dos Eremitas Vinhas Velhas,334,4.4,2.8810358,2.949739,4.4,3
Overture,16804,4.5,3.3019812,3.7507076,4.5,9
P2 Plénitude Brut Champagne,7543,4.7,,4.272861,4.7,6
Pajè Barbaresco,1910,4.3,4.1472893,4.6281357,4.45,9
Palazzi Rosso Toscana,961,4.4,3.2222164,3.1346312,0.0,8
Paleo Rosso,10940,4.4,3.2685294,3.181494,2.2,9
Palo Cortado Tradición Vors 30 Years Sherry,1050,4.4,,3.5983322,4.4,3
Papillon,30682,4.5,3.4377155,3.8795583,4.5,9
Paralupi Appassimento,575,4.4,2.606918,2.140114,0.0,3
Pauillac (Grand Cru Classé),47234,4.4,4.230456,4.201068,4.16,9
Pauillac (Premier Grand Cru Classé),39283,4.6,4.1171813,4.117049,4.613793103448276,9
Pavillon Rouge du Château Margaux,16401,4.4,3.7311282,4.0852337,0.0,9
Pedro Ximenez Tradición 20 Years Old Vos,954,4.5,,3.0485075,4.5,2
Pegrandi Amarone della Valpolicella Classico,1833,4.4,2.2416437,2.2755728,4.6,6
Per Sempre Syrah Toscana,711,4.5,2.9470897,3.0247424,4.5,9
Percarlo,4808,4.3,3.251966,3.213206,4.45,9
Permassimo,186,4.7,3.284798,3.5799327,4.6,1
Perpetual,3809,4.3,3.2960627,3.4795744,4.4,9
Perpiero,351,4.6,3.2624788,3.015028,4.7,6
Pessac-Léognan (Grand Cru Classé de Graves),25444,4.3,4.2683516,4.2328806,3.75,9
Pessac-Léognan (Premier Grand Cru Classé),39605,4.6,4.236691,4.228074,4.306666666666667,9
Pessac-Léognan Blanc (Grand Cru Classé de Graves),1182,4.3,,2.9458878,1.9714285714285715,8
Petrucci Melo,61,4.5,2.5015337,3.070184,4.5,3
Peña Lobera,234,4.4,3.6499593,3.5274763,0.0,4
Pian delle Vigne Brunello di Montalcino,31363,4.3,3.439114,3.7869322,4.4,9
Pian delle Vigne Vignaferrovia Brunello di Montalcino Riserva,2165,4.5,3.5629516,3.843529,4.433333333333334,7
Pietradonice,2266,4.3,3.1683702,3.1051316,4.45,8
Pietro Dal Cero Amarone della Valpolicella,6424,4.5,2.3993819,2.378941,4.466666666666667,8
Pieve Santa Restituta Brunello di Montalcino,21867,4.4,3.6146157,3.8261576,4.4,9
Pieve Santa Restituta Rennina Brunello di Montalcino,3393,4.5,3.645553,3.89392,4.5,9
Pieve Santa Restituta Sugarille Brunello di Montalcino,3717,4.5,3.6711247,3.915702,4.5,9
Pignan Châteauneuf-du-Pape Réserve Rouge,1881,4.6,2.7835867,3.0647666,4.5,8
Pingus,6013,4.6,3.643772,3.801916,4.659999999999999,9
Pinotage,2063,4.4,3.1789167,3.0094533,4.5,9
Piovesole Amarone della Valpolicella Classico,868,4.3,2.227989,2.7069697,4.5,4
Platinum,883,4.3,3.1689587,3.2129703,4.4,8
Pochi Filagn Barbera d'Alba,410,4.2,2.29063,3.643069,4.5,6
Poggio Al Vento Brunello di Montalcino Riserva,4542,4.4,3.6132965,3.7502875,4.4,9
Poggio Alle Nane Maremma Toscana,3509,4.4,2.919131,3.011608,4.4,8
Poggio all'Oro Brunello di Montalcino Riserva,7033,4.5,3.508806,3.871886,4.4,9
Pomerol,11645,4.2,3.5517805,3.405894,3.578723404255319,9
Pommard 1er Cru Les Rugiens-Bas,592,4.3,2.2637491,3.80164,4.5,9
Predappio Massera,161,4.4,2.7059789,2.3762434,0.0,3
Preta Cuvée David Booth Grande Reserva,1507,4.3,3.1083326,3.1055214,4.5,8
Primitivo di Manduria,2011,4.2,2.0256343,1.9416709,4.5,8
Puligny-Montrachet,4548,4.3,,3.2249227,4.4,2
Puligny-Montrachet 1er Cru 'La Garenne',442,4.4,,3.2488666,0.0,2
Puligny-Montrachet 1er Cru 'Les Champs Gains',429,4.4,,3.266688,0.0,2
Puligny-Montrachet Enseignères,941,4.3,,3.35,4.5,3
Puligny-Montrachet Premier Cru ' Clos de la Truffière',475,4.4,,3.340396,0.0,3
Puligny-Montrachet Premier Cru Clos du Cailleret,395,4.3,,3.3434565,4.6,1
Puligny-Montrachet Premier Cru Les Combettes,582,4.4,,3.1358716,0.0,1
Pur Sang,3634,4.3,,3.9940429,4.45,6
Pym-Rae Red Blend,273,4.5,3.6251981,3.9538462,4.5,7
Quarto Vecchio Amarone della Valpolicella Classico Riserva,292,4.5,2.4433208,2.3284905,0.0,1
Quarz Sauvignon,8884,4.4,,3.3279023,4.425,6
Quincha Corral,1230,4.4,3.289507,3.2945478,4.5,8
Quinta da Leda Douro,14197,4.4,3.5543265,3.009171,4.4,8
Quiñon de Valmira,377,4.6,3.5867922,3.7825353,4.7,4
R.D Extra Brut Champagne (Récemment Dégorgé),7737,4.6,,4.4763446,3.0666666666666664,8
RWT Bin 798 Shiraz,1975,4.4,3.2529354,3.0733402,4.4,9
Rapture Cabernet Sauvignon,2117,4.3,3.2336414,2.968296,4.4,8
Recioto della Valpolicella (Monte Lodoletta),227,4.6,,,1.5666666666666669,3
Recioto della Valpolicella Classico,1045,4.7,,,2.35,8
Red,3639,4.6,3.4990153,3.5781045,4.519672131147541,9
Red Blend,457,4.5,3.5155401,3.7789743,4.4,6
Redigaffi Toscana,5212,4.5,3.018877,3.0276775,3.8714285714285714,9
Regina del Bosco R.Quarantottomesi,109,4.5,3.3928568,3.1082141,4.6,2
Relentless,6633,4.5,3.6433094,3.0464847,4.4,9
Reserva Particular de Recaredo Gran Reserva Brut Nature,923,4.4,,3.393993,0.0,4
Reserva Ribera del Duero,11233,4.3,3.561232,3.7252333,4.4,9
Reserve,1175,4.6,,,1.5333333333333332,9
Reserve Chardonnay,396,4.5,,3.5544543,0.0,3
Reserve Pinotage,1891,4.4,3.0276766,3.03456,4.5,9
Ribera del Duero,69278,4.5,3.5338376,3.6902692,4.5,9
Ribera del Duero Prestigio,2994,4.4,3.439635,3.6664393,4.5,8
Ribera del Duero Reserva,37394,4.3,3.5788078,3.6510444,4.4,8
Ribolla Gialla,7018,4.3,,3.3096104,4.4,7
Richebourg Grand Cru,1296,4.5,2.7235265,4.2243257,0.0,8
Riesling 'Le Gallais' Wiltinger Braune Kupp Auslese,242,4.5,,4.801955,4.6,1
Rioja 150 Aniversario,4642,4.2,3.6425138,3.7774308,4.4,8
Rioja Blanco Reserva,361,4.4,,3.2929113,0.0,1
Rioja Reserva,13544,4.4,3.7801104,3.6719735,4.4,9
Rioja Reserva 10 Años Después Edición Limitada,1093,4.4,3.7935853,3.736463,4.4,8
Riserva Nova Domus Terlaner,5250,4.3,,3.2276218,4.4,5
Riserva vecchie viti dei Capalot e delle Brunate Barolo,338,4.5,4.548084,4.6662955,4.7,7
Rocche dell'Annunziata Barolo,218,4.5,4.3437104,4.4050417,0.0,4
Rocche dell'Annunziata Barolo Riserva,1609,4.5,4.43705,4.720542,0.0,8
Rocche dell'Annunziata Torriglione Barolo,1222,4.5,4.4885283,4.6348357,0.0,9
Rocche di Castiglione Barolo,2397,4.3,4.1884637,4.501871,4.423529411764706,9
Roccolo Ludwig Barth von Barthenau,155,4.4,2.7045262,3.336474,0.0,3
Roda I Reserva Rioja,22749,4.4,3.7581875,3.708868,4.4,9
Romanée-Saint-Vivant Grand Cru,463,4.5,2.722061,4.264476,1.175,6
Romanée-Saint-Vivant Grand Cru (Marey-Monge),6597,4.7,2.5899088,4.108734,4.666666666666667,9
Romanée-Saint-Vivant Grand Cru Les Quatre Journaux,731,4.4,2.6323903,4.1714225,0.0,6
Rosso,88,4.5,3.2833154,3.0058823,2.25,1
Rosé,3605,4.6,,4.410962,4.6,5
Rosé Brut Champagne Grand Cru 'Ambonnay',1782,4.4,,4.317616,4.4,4
Royal St Robert Cuvée Pinot Noir,2099,4.3,2.1664553,3.414597,4.4,9
Rubicon,6421,4.6,3.4042459,3.8794467,4.55,9
Rujno Rosso,532,4.5,3.1765625,2.5459697,1.5333333333333332,7
Rutherford,16322,4.6,3.2889876,3.8225102,4.666666666666667,9
Rutherford Cabernet Sauvignon,655,4.3,3.39272,3.3400948,4.6,9
Réserve Côtes-du-Rhône,4027,4.4,3.154594,3.3780417,4.5,9
Réservé Châteauneuf-du-Pape,297,4.4,2.9267964,3.1068087,0.0,6
S.L.V. Cabernet Sauvignon,6560,4.5,3.3895879,3.4074993,4.6,9
Saffredi,10499,4.4,3.121578,3.1319983,4.4,9
Saint-Emilion Grand Cru (Premier Grand Cru Classé),1986,4.4,3.50596,3.3021338,2.3,8
Saint-Estèphe (Grand Cru Classé),35624,4.3,4.3646746,4.2593036,4.425000000000001,9
Saint-Joseph,3931,4.3,3.270629,3.5058928,4.4,9
Saint-Julien (Grand Cru Classé),37174,4.3,3.916385,4.220461,4.21875,9
Saint-Émilion Grand Cru,1527,4.4,3.5239754,3.4871178,1.7114503816793891,9
Saint-Émilion Grand Cru (Grand Cru Classé),3498,4.4,3.5314653,3.3835192,0.0,8
Saint-Émilion Grand Cru (Premier Grand Cru Classé),22896,4.6,3.5282295,3.382386,4.036431226765799,9
San Vicente Rioja,10701,4.3,3.8288155,3.698022,4.4,9
Sancerre 'Clos la Néore',699,4.4,,4.02023,4.533333333333333,2
Saperavi,4745,4.4,,,2.2,9
Sassella Nuova Regina Riserva,987,4.3,4.258797,4.478054,4.4,9
Sassicaia,107646,4.6,3.8796737,3.488095,4.22,9
Sauternes,44126,4.7,,4.338159,4.730275229357798,8
Sauternes (Premier Grand Cru Classé),17293,4.3,,4.349971,3.3523809523809525,8
Scharzhofberger Riesling Auslese,1666,4.6,,4.5937014,4.55,2
Scharzhofberger Riesling Kabinett,3047,4.4,,4.710466,4.45,5
Scharzhofberger Riesling Spätlese,1564,4.4,,4.656243,2.25,3
Scrio,2322,4.3,2.986092,3.1090095,4.45,9
Secentenario,96,4.6,2.7649999,2.7810295,4.6,2
Sed de Caná,345,4.5,3.6385832,3.3869867,2.35,4
Semel Pater,710,4.4,2.978282,3.131975,0.0,4
Series C,3027,4.5,3.3559442,3.6215973,4.533333333333333,9
Series M,2995,4.4,3.2512286,3.6752222,4.4750000000000005,9
Serral del Vell Brut Nature,2418,4.3,,3.5424502,4.5,3
Siepi,8129,4.4,2.9856336,3.156144,3.52,9
Silex,8386,4.5,,3.982279,4.45,4
Single Barrel Champagne Grand Cru 'Le Mesnil-sur-Oger',34,4.6,,4.9100003,0.0,2
Sir Winston Churchill Brut Champagne,12873,4.6,,4.4169583,4.6,8
Solare Toscana,4961,4.2,3.0380645,3.1583757,4.5,8
Son Negre,521,4.5,3.02895,3.1135416,4.6,7
Sorì San Lorenzo,3857,4.6,4.219747,4.7262807,3.425,9
Sorì Tildìn (Barbaresco) Langhe,3955,4.6,4.0354605,4.7012973,3.5666666666666664,9
Special Selection Cabernet Sauvignon,41236,4.7,3.2025323,3.3095143,4.6499999999999995,9
Sperss Barolo,10950,4.6,4.3828244,4.666537,4.581818181818181,9
St. Henri Shiraz,17326,4.4,3.1030886,3.0152445,4.4,9
TD9,6056,4.3,3.5120857,3.8259566,4.4,9
Tenuta Guado al Tasso Bolgheri Superiore,33392,4.5,3.8648884,3.4173176,3.325,9
Tenuta Guado al Tasso Matarocchio,1875,4.6,3.0939744,3.176831,4.7,9
Tenuta Montebello Picconero,2011,4.4,3.1008515,3.0374305,4.4,8
Tenuta Nuova Brunello di Montalcino,20934,4.5,3.598853,3.820147,4.5,9
Tenuta Tignanello 'Solaia',33143,4.6,2.9705827,3.0641637,4.675,9
Terrasse à l'Ombre Côtes du Rhône,819,4.5,3.3993769,3.4413016,4.5,7
Tessons Clos de Mon Plaisir Meursault,761,4.4,,3.2486935,0.0,1
The Armagh Shiraz,2472,4.5,3.1637821,3.073255,0.0,9
The Black Lion,476,4.7,3.27289,3.408501,2.35,7
The Journeyman,231,4.6,3.225787,3.6566563,0.0,8
The Laird,627,4.7,3.095071,2.9231873,0.0,9
The Mackenzie,1220,4.4,3.6190875,3.872975,4.4,9
The Stork,1638,4.5,3.072115,3.364303,4.5,8
Tignanello,142513,4.5,2.9867094,3.082814,4.5375,9
Tinto,65625,4.4,3.4551678,3.5793161,3.3755555555555556,9
Todeschini Distique Saint-Émilion Grand Cru,185,4.4,3.6744986,3.4609382,0.0,3
Tokaji Aszú 3 Puttonyos,7080,4.3,,4.8892546,4.4,3
Tokaji Aszú 5 Puttonyos,649,4.3,,4.830215,4.454545454545454,5
Tokaji Aszú 6 Puttonyos,2366,4.6,,4.829434,4.6,6
Toknar,2033,4.4,,,0.0,8
Tordiz 40 Year Old Tawny Port,474,4.6,,3.2046902,4.6,6
Toro,60705,4.4,3.3199553,2.6952467,4.45,9
Torre Muga,8767,4.4,3.914909,3.7799828,4.5,9
Toscana,7434,4.2,3.1184175,3.1144364,4.658064516129032,9
Toscana Batar,4187,4.3,,3.8311777,4.4,6
Toscana Bianco,833,4.5,,3.8539917,4.5,1
Toscana Camartina,3673,4.3,3.0193403,3.1647222,4.4,9
Toscana I Sodi di San Niccolo,8853,4.4,3.0631628,3.2615259,4.4,9
Toscana Il Pareto,3195,4.3,3.0821085,3.0065615,4.6,8
Toscana Rosso,2799,4.5,3.0737605,3.1433663,4.56,8
Touran,274,4.6,3.0739422,3.1344543,0.0,6
Tourmaline Pomerol,237,4.5,3.5292711,3.317743,0.0,5
Trasnocho,3399,4.5,3.795829,3.7219884,4.5,9
Trebbiano d'Abruzzo,5834,4.4,,3.9287908,3.4571428571428577,7
Treinta y Dos Pinot Noir,3417,4.4,1.92798,3.2335303,4.5,9
Turriga Isola dei Nuraghi,14641,4.4,3.1290214,2.4508407,4.5,9
Ulysses,1980,4.3,3.6223862,3.755958,4.4,9
Unico,45140,4.7,3.419756,3.7048488,4.666666666666667,9
Unico Reserva Especial Edición,13025,4.7,3.483004,3.680081,4.6,9
V Red,1715,4.4,3.6092794,3.8528886,4.5,9
V.P Extra Brut Champagne Grand Cru 'Ambonnay',2079,4.4,,4.4975915,4.4,5
VIK,8493,4.6,3.4820104,3.008086,4.5,9
VV 26 Blanc de Blancs Vieilles Vignes Grand Cru Brut,314,4.5,,4.2405767,4.5,1
Vacqueyras,3412,4.3,3.1417801,3.4521956,4.4,9
Valbuena 5º,72784,4.6,3.459332,3.6818671,4.7,9
Valdegatiles Ribera del Duero,587,4.4,3.2869773,3.8034573,0.0,8
Valdegines,2594,4.2,3.8617196,3.473707,4.4,8
Valmezzane Amarone della Valpolicella,799,4.4,2.2542634,2.420255,4.45,8
Valpolicella Classico Superiore,12262,4.5,2.5882344,3.468134,2.2,9
Valpolicella Superiore Monte Lodoletta,13024,4.5,2.86965,3.5089638,4.5,9
Vecchie Vigne Brunello di Montalcino,3868,4.3,3.714271,3.9151838,4.5,9
Veneto Alzero Cabernet,2600,4.7,2.9364958,2.300103,4.739999999999999,8
Veneto Rosso del Bepi,3747,4.6,2.9060361,2.4586756,3.0,9
Victorino,9294,4.3,3.4223406,2.7780287,4.4,9
Vieille Vigne Griottes-Chambertin Grand Cru,257,4.5,2.5798235,4.1788754,0.0,6
Vieilles Vignes Châteauneuf-du-Pape Blanc,2587,4.4,,3.109061,0.0,9
Vieilles Vignes La Parcelle 8 Apalta,184,4.4,3.3099706,3.02956,4.4,8
Vieilles Vignes Mazis-Chambertin Grand Cru,218,4.5,2.813488,4.1207047,0.0,4
Vieilles Vignes Meursault,1426,4.2,,3.191122,4.4,2
Vieux Marc de Bandol,102,4.5,,,0.0,2
Vigna Cappella di S. Stefano Perno Barolo,2514,4.4,4.363103,4.5566106,4.4,9
Vigna Colonnello Barolo Riserva Bussia,957,4.4,4.275629,4.46639,4.5,8
Vigna Grande Cerzito Taurasi Riserva,581,4.5,3.0121548,2.5461802,4.5,7
Vigna Madonna Assunta La Villa Barolo Riserva,470,4.4,4.1419063,4.232108,4.5,3
Vigna Molsino,2269,4.3,4.283946,4.6251874,4.5,9
Vigna del Suolo Brunello di Montalcino,201,4.5,3.4924903,3.786483,4.6,4
Vigne Vecchie Gold Series Leggenda Primitivo di Manduria,3121,4.3,2.3039157,1.9133979,4.5,9
Vignes Centenaires 'La Richemone',182,4.4,2.1420696,3.9412558,0.0,5
Vigneto Bellavista Chianti Classico,1402,4.4,3.6912632,3.8469875,3.62,9
Vin Santo di Montepulciano,773,4.6,,4.492628,0.0,2
Vin Santo di Montepulciano Occhio di Pernice,1867,4.4,,4.421994,1.15,7
Vin de Constance (Natural Sweet),13210,4.6,,4.958154,4.6,6
Vin de Pays de l'Hérault,8933,4.5,3.4815395,3.696465,4.533333333333333,9
Vin de Pays de l'Hérault Blanc,1209,4.6,,3.0531123,4.55,3
Vinhas Velhas Tinto,736,4.5,2.9834611,2.9712174,4.6,6
Vintage,16918,4.6,,4.515321,4.666666666666667,8
Vintage Port,1076,4.3,,2.9216812,4.5,9
Vintage Port Nacional,1122,4.6,,2.9584723,4.8,8
Vite Talin Barolo,131,4.5,4.60011,4.605494,4.6,4
Vittorio Moretti,2025,4.4,,3.9050803,4.4,1
Viña El Pison,3027,4.6,3.6354012,3.2864294,4.6499999999999995,9
Volnay 1er Cru Les Caillerets,591,4.3,2.2771854,3.960021,4.5,7
Vosne-Romanée,1030,4.3,2.5376325,4.0248237,4.5,8
Vosne-Romanée 'Les Quartiers de Nuits',511,4.3,2.6758735,4.1826763,4.5,8
Vosne-Romanée 1er Cru 'Aux Malconsorts',681,4.5,2.6187313,4.2401404,4.5,8
Vosne-Romanée 1er Cru 'Les Suchots',651,4.4,2.7901998,4.11411,0.0,8
Vosne-Romanée 1er Cru Aux Malconsorts Christiane,309,4.5,2.6136842,4.068446,0.0,3
Vosne-Romanée Premier Cru 'Les Suchots',601,4.3,2.6770926,4.029017,4.5,6
Vosne-Romanée Premier Cru Aux Reignots,645,4.6,2.5516326,4.042153,4.525,7
Vosne-Romanée Premier Cru Les Petits Monts,105,4.5,2.578253,4.132008,0.0,5
Vosne-Romanée Premier Cru Les Suchots,522,4.3,3.0134473,4.182564,4.5,6
Vénus Blanc de Blancs Brut Nature Champagne Grand Cru 'Avize',794,4.4,,4.5457225,0.0,2
Vürsù Barbaresco Gallina,4262,4.4,4.1603694,4.733941,4.4,9
Vürsù Barbaresco Starderi,4414,4.4,4.2625036,4.747835,4.4,9
Vürsù Barbaresco Valeirano,3263,4.4,4.1729035,4.6811347,4.6,9
Vürsù Barolo Campè,6260,4.4,4.385903,4.5237427,4.4799999999999995,9
Winemaker's Selection,292,4.3,3.8425384,4.436117,4.4,7
Yarden Katzrin,894,4.5,2.9930568,2.9386032,0.0,8
d'Alceo,3133,4.4,3.1084447,3.0984578,2.966666666666667,9
Échézeaux Grand Cru,359,4.7,2.5460024,4.273491,0.0,5
Παλιές Ρίζες (Palies Rizes),313,4.4,2.8617198,4.299877,0.0,6
