Wines,Rating,Reviews,Natural,Vintage Rating
'Giulio Ferrari' Riserva del Fondatore,4.6,12592,0,4.14
'Giulio Ferrari' Riserva del Fondatore Rosé,4.5,308,0,0.0
110 e Lode Merlot,4.4,174,0,0.0
123 Brunello di Montalcino Riserva,4.4,525,0,0.0
1694 Classification Red,4.5,1841,0,4.5
25 anni Montefalco Sagrantino,4.3,5419,0,4.4
30 Year Old Tawny Port,4.4,602,0,4.4
40 Anos Tawny Port,4.6,57,0,4.6
40 Years Old Port,4.5,37,0,4.5
40 Years Old Tawny Port,4.4,357,0,4.4
5 Puttonyos Aszú (Blue Label),4.4,11106,0,4.4
5 Stelle Sfursat,4.5,10740,0,4.475
50 & 50,4.4,9157,0,4.433333333333334
50 Old Vines Vecchie Vigne Negroamaro,4.4,510,0,4.4
6 Anime Puglia Rosso,4.3,2476,0,4.5
60 Sessantanni Old Vines Primitivo di Manduria,4.5,94289,0,4.45
80 Vecchie Vigne Primitivo di Manduria Old Vines,4.4,2476,0,4.5
802.A Superblend,4.5,66,0,4.5
888 Pinotage Gold,4.6,234,0,0.0
A50 Amarone della Valpolicella,4.6,100,0,4.5
ARTEMIS Cabernet Sauvignon,4.4,81351,0,4.5
Academia Purcari Rară Neagră,4.5,73,0,4.5
Aconcagua Valley,4.5,18482,0,4.46
Adrianna Vineyard Fortuna Terrae Malbec,4.5,2589,0,4.6
Adrianna Vineyard Mundus Bacillus Terrae Malbec,4.6,1358,0,4.566666666666666
Aegusa,4.6,81,0,0.0
Ai Suma Barbera d'Asti,4.4,3012,0,4.5
Aile d'Argent Blanc Bordeaux,4.2,4790,0,4.4
Alabaster,4.6,2708,0,4.65
Alexander Valley Cabernet Sauvignon,4.4,46066,0,4.5
Almaviva,4.6,48075,0,4.533333333333333
Alpine Hillside Pinot Noir,4.5,46,0,0.0
Altagracia Cabernet Sauvignon,4.4,3083,0,4.4
Altero Brunello di Montalcino,4.4,4620,0,4.466666666666667
Altura,4.5,2733,0,4.6
Altura Máxima Malbec,4.4,2168,0,4.5
Alàuda,4.5,670,0,0.0
Amancio,4.5,2076,0,0.0
Amarone Classico Monte Danieli,4.4,504,0,4.5
Amarone Della Valpolicella Marta Galli,4.2,1085,0,4.4
Amarone Senza Titolo,4.5,225,0,0.0
Amarone Stella,4.5,533,0,3.0666666666666664
Amarone della Valpolicella,4.4,2680,0,2.4555555555555557
Amarone della Valpolicella Classico,4.4,18720,0,3.7277777777777783
Amarone della Valpolicella Classico Mater,4.5,739,0,0.0
Amarone della Valpolicella Classico Riserva,4.8,587,0,0.0
Amarone della Valpolicella Classico Riserva (Sergio Zenato),4.5,9963,0,4.525
Amarone della Valpolicella Monte Lodoletta,4.7,7947,0,4.3307692307692305
Amarone della Valpolicella Riserva,4.4,958,0,0.0
Amarone della Valpolicella Vigna Garzon,4.4,4227,0,4.4
Amaya Arzuaga (Colección),4.3,1179,0,4.5
Amour de Deutz Millesimé Rosé Brut Champagne,4.5,536,0,4.6
Amour de Deutz Millésimé Brut Champagne,4.5,5532,0,4.55
Ampio,4.6,481,0,4.6
Annonciade Champagne,4.3,137,0,4.5
Annunziata Barolo Riserva,4.4,138,0,4.5
Aphrodite,4.4,367,0,0.0
Aquilon Garnacha,4.6,1343,0,4.6
Arborina Barolo,4.4,2527,0,2.25
Arché,4.4,429,0,4.5
Ares,4.4,1995,0,4.5
Asili Barbaresco Vecchie Viti,4.4,668,1,0.0
Aszú 6 Puttonyos Tokaj,4.6,54,0,0.0
Aszú 6 puttonyos,4.5,2450,0,4.4
Aszú Eszencia,4.5,283,0,0.0
Attunga 1865 Shiraz,4.4,371,0,0.0
Au Paradis Cabernet Sauvignon,4.6,3004,0,4.5
Avizoise Blanc de Blancs Extra Brut Champagne Grand Cru 'Avize',4.4,1278,1,0.0
B Bordicon Blend,4.3,1088,0,4.5
Baffonero Maremma Toscana,4.5,1682,0,2.25
Barbaresco,4.5,24516,0,4.54375
Barbaresco Albesani,4.5,183,0,4.5
Barbaresco Asili,4.4,710,0,0.0
Barbaresco Gaiun Martinenga,4.3,2298,0,4.4
Barbaresco Rabajà,4.3,5469,0,4.5
Barbera d'Alba Vigna Francia,4.3,7315,0,4.4
Barolo Arione,4.6,259,0,3.4749999999999996
Barolo Bricco Gattera,4.4,2365,0,4.5
Barolo Bricco Rocche,4.4,2923,0,4.5
Barolo Brunate,4.3,4295,0,4.44
Barolo Bussia,4.4,4525,0,4.4
Barolo Bussia Cicala,4.4,3346,0,4.45
Barolo Bussia Romirasco,4.5,1544,0,0.0
Barolo Bussia Vigna Munie,4.4,141,0,0.0
Barolo Cannubi,4.3,1852,0,4.4
Barolo Cannubi Boschis,4.4,4298,0,4.4
Barolo Cascina Francia,4.5,6045,0,4.5874999999999995
Barolo Cerequio,4.3,3839,0,4.4
Barolo Cerretta,4.6,684,0,3.0
Barolo Ciabot Mentin Ginestra,4.3,3525,0,4.4
Barolo Enrico VI,4.4,3107,0,2.9333333333333336
Barolo Ginestra Casa Maté,4.4,4116,0,4.4
Barolo Ginestra Vigna del Gris,4.3,3333,0,4.5
Barolo Le Vigne,4.3,5026,0,4.45
Barolo Monprivato,4.4,6966,0,4.514285714285714
Barolo Monvigliero,4.3,2758,0,4.5
Barolo Paiagallo,4.3,1917,1,4.4
Barolo Prapò,4.3,2450,0,4.4
Barolo Riserva,4.3,12663,0,2.3
Barolo Riserva Bricco Boschis Vigna San Giuseppe,4.3,4030,0,4.4
Barolo Riserva Cannubi 1752,4.5,451,0,0.0
Barolo Riserva Granbussia,4.5,1728,0,4.6
Barolo Riserva Leon,4.4,948,0,4.4
Barolo Riserva Monfortino,4.7,5013,0,4.6
Barolo Riserva Monprivato Cà d'Morissio,4.6,588,0,4.625
Barolo Riserva Speciale Granbussia,4.5,56,0,0.0
Barolo Riserva Vigna Rionda,4.3,3530,0,4.45
Barolo Riserva Villero,4.6,803,0,4.6
Barolo Rocche,4.4,1615,0,1.78
Barolo Rocche di Castiglione,4.4,1272,0,0.0
Barolo Sorì Ginestra,4.3,4827,0,4.466666666666667
Baron de L Pouilly-Fumé,4.4,9002,0,4.4
Barrosu Cannonau di Sardegna Riserva Franzisca,4.4,794,0,4.5
Barsac (Premier Grand Cru Classé),4.4,6028,0,3.375
Barón de Chirel Rioja Reserva,4.4,8578,0,4.5
Bassolino di Sopra Brunello di Montalcino,4.6,174,1,4.55
Batard-Montrachet Grand Cru,4.8,34,0,0.0
Beaune 1er Cru 'Clos des Mouches' Blanc,4.4,3093,0,4.5
Beckstoffer To Kalon Vineyard Cabernet Sauvignon,4.6,1557,0,4.5
Belle Epoque Brut Champagne,4.5,20992,0,4.4
Belles Soeurs Cuvée Pinot Noir,4.4,229,0,4.5
Belondrade y Lurton,4.4,13567,0,4.4
Ben Ryé Passito di Pantelleria,4.5,21351,0,4.4
Bentrock Vineyard Chardonnay,4.5,118,0,0.0
Beyond the Clouds,4.4,4760,0,0.0
Bibbona,4.5,5981,0,4.6
Bienvenues-Bâtard-Montrachet Grand Cru,4.5,480,0,0.7833333333333333
Big'd Big Barolo,4.4,1148,0,0.0
Blanc,4.3,2053,0,4.6
Blanc de Blancs Brut Champagne (Vintage),4.3,6400,0,4.4
Blanc de Blancs Brut Champagne Grand Cru,4.4,5553,0,4.4
Blanc des Millénaires,4.6,5581,0,4.4
Blueline Estate Cabernet Sauvignon,4.5,1321,0,4.5
Boal Madeira,4.5,1023,0,4.6
Boghis Climat,4.5,27,0,0.0
Bolgheri Superiore,4.6,47939,0,4.579310344827586
Bolgheri Superiore Sondraia,4.2,12843,0,4.4
Bonnes Mares Grand Cru,4.5,554,0,0.0
Bonnes-Mares Grand Cru,4.5,2595,0,1.125
Book 17 XVII,4.7,814,0,4.6
Bordeaux,4.3,2246,0,4.4
Bramare Malbec Uco Valley,4.4,19752,0,4.5
Bramare Marchiori Vineyard Malbec,4.5,8713,0,0.0
Bric Dël Fiasc Barolo,4.3,4947,0,4.45
Bricco dell'Uccellone Barbera d'Asti,4.3,17625,0,4.4
Brunate  Barolo,4.5,1289,0,2.25
Brunello di Montalcino,4.4,9171,0,4.105882352941177
Brunello di Montalcino  Montosoli,4.4,6176,0,4.433333333333334
Brunello di Montalcino Riserva,4.6,3375,0,2.8113636363636365
Brunello di Montalcino Riserva Madonna del Piano,4.5,3506,0,4.6000000000000005
Brunello di Montalcino Riserva Pian di Conte,4.3,1118,0,4.4
Brunello di Montalcino Riserva Pianrosso Santa Caterina d'Oro,4.5,1971,0,4.5
Brunello di Montalcino Riserva Vigna Paganelli,4.3,7123,0,4.4
Bruno Lunelli Riserva,4.5,96,0,0.0
Brut Champagne,4.6,146377,0,4.58
Brut Champagne (Gold),4.4,3874,0,4.4
Brut Cuvée Champagne Rosé,4.4,36681,0,4.4
Brut Rosé Champagne,4.4,21147,0,4.475
Bual Madeira,4.4,187,0,0.0
Buisson Renard,4.3,2119,0,4.4
Bure Alto Amarone  della Valpolicella Classico Riserva,4.6,132,0,2.35
Bâtard-Montrachet Grand Cru,4.6,1191,0,0.93
CASK 23 Cabernet Sauvignon,4.6,9464,0,4.6
Cabernet - Cabernet,4.3,27436,0,4.4
Cabernet Sauvignon,4.5,3087,0,3.36
Cabernet Sauvignon (Signature),4.6,13730,0,4.6
Cabernet Sauvignon Coeur De Vallée,4.6,544,0,0.0
Cabochon Doppio Zero,4.5,217,0,4.6
Calcarole Amarone della Valpolicella Classico,4.6,2757,0,4.5
Calle Merlot Rosso Veronese,4.4,1053,0,4.4
Campo Alla Sughera,4.4,888,0,4.45
Campo Inferi Amarone della Valpolicella Classico Riserva,4.6,2112,0,4.633333333333333
Campo León Amarone della Valpolicella,4.4,7778,0,4.4
Campo dei Gigli Amarone della Valpolicella,4.4,5050,0,4.4
Campo del Drago Brunello di Montalcino,4.4,2854,0,4.5
Campo del Titari Amarone della Valpolicella Classico Riserva,4.6,2946,0,4.6
Campogiovanni Brunello di Montalcino Riserva Il Quercione,4.5,1107,0,4.5
Campolongo di Torbe Amarone della Valpolicella Classico,4.5,4392,0,3.0
Camí Pesseroles,4.5,1083,1,0.0
Cannubi Barolo,4.5,228,0,2.25
Capellanía Reserva,4.1,7314,0,4.4
Capitel Monte Olmi Amarone della Valpolicella Classico Riserva,4.3,4229,0,4.4
Carabantes Syrah,4.2,4523,0,4.4
Carmin,4.4,931,0,0.0
Carpathia Heritage,4.4,166,0,4.5
Carruades de Lafite Pauillac,4.4,13866,0,4.45
Castellberg Pinot Noir,4.4,187,0,0.0
Castello della Sala Cervaro della Sala,4.4,30203,0,4.433333333333334
Castello della Sala Muffato della Sala,4.3,6356,0,4.5
Castillo Ygay Gran Reserva Especial Tinto,4.5,23170,0,4.6
Cava Celler Batlle,4.3,1575,0,4.4
Ca’ del Merlo Rosso Veneto,4.5,2198,0,4.45
Cepparello Red,4.3,12191,0,4.4
Cerretalto Brunello di Montalcino,4.7,5373,0,4.683333333333334
Cerretta Barolo Riserva (Vigna Bricco),4.5,2065,0,4.466666666666667
Chablis Grand Cru 'Les Clos',4.4,173,0,0.0
Chablis Grand Cru 'Valmur',4.5,1653,0,0.0
Chafandin,4.2,2570,0,4.4
Chambertin Clos de Bèze Grand Cru,4.4,331,0,0.0
Chambertin Grand Cru,4.7,3401,0,2.3125
Chambertin-Clos de Bèze Vieilles Vignes Grand Cru,4.5,358,0,4.6
Chambertin-Clos-de-Beze Grand Cru,4.5,611,0,0.0
Chambolle-Musigny,4.3,3455,0,4.5
Chambolle-Musigny 1er Cru 'Les Amoureuses',4.5,59,0,0.0
Chambolle-Musigny Les Baudes,4.2,525,0,4.5
Chambolle-Musigny Les Cabottes,4.4,413,1,0.0
Chambolle-Musigny Premier Cru 'Les Feusselottes',4.4,262,1,0.0
Chambolle-Musigny Premier Cru Les Charmes,4.4,364,0,0.0
Champ Cain Extra Brut Champagne Grand Cru 'Avize',4.4,234,0,0.0
Champagne,4.5,1021,0,0.0
Chapelle d'Ausone Saint-Émilion Grand Cru,4.4,1086,0,0.9199999999999999
Chapelle-Chambertin Grand Cru,4.5,188,1,0.0
Chardonnay,4.4,1031,0,3.56
Charity Edition Nebbiolo d'Alba Arione,4.5,29,0,0.0
Charlemagne Grand Cru,4.5,201,0,0.0
Charmes-Chambertin Grand Cru,4.4,709,0,0.56875
Charmes-Chambertin Grand Cru Les Mazoyères,4.4,548,0,0.0
Chassagne-Montrachet,4.3,3269,0,4.4
Chassagne-Montrachet 1er Cru 'La Maltroie',4.3,779,0,4.4
Chassagne-Montrachet 1er Cru 'Morgeot',4.4,283,0,0.0
Chassagne-Montrachet Premier Cru 'Morgeot' Blanc,4.4,1701,0,0.0
Chassagne-Montrachet Premier Cru Morgeot Marquis de Laguiche ,4.5,1640,0,4.55
Chateau Buena Vista Cabernet Sauvignon Napa Valley,4.3,13415,0,4.4
Chateauneuf-Du-Pape Cuvée Des Générations Marie Leoncie,4.4,1041,0,0.0
Chateauneuf-du-Pape Réserve des Célestins,4.6,1633,0,2.3
Chemin du Bois Champagne,4.4,184,0,0.0
Chevalier-Montrachet Grand Cru,4.6,2340,0,4.7
Chevalier-Montrachet Grand Cru Blanc,4.4,1283,0,4.5
Chevalier-Montrachet Grand Cru Les Demoiselles,4.4,532,0,0.0
Chloe Chardonnay,4.5,458,0,0.0
Château Margaux (Premier Grand Cru Classé),4.6,45350,0,4.635714285714286
Château de Cîteaux Meursault 1er Cru 'Charmes' Blanc,4.4,368,0,0.0
Châteauneuf-Du-Pape Cuvée Des Générations Gaston-Philippe,4.4,2077,0,4.5
Châteauneuf-du-Pape,4.7,7544,0,4.566666666666666
Châteauneuf-du-Pape Amiral G,4.5,536,0,4.6
Châteauneuf-du-Pape Chaupin,4.2,4483,0,4.4
Châteauneuf-du-Pape Réservé Blanc,4.4,668,0,4.6
Ciliegio Amarone della Valpolicella,4.5,76,0,0.0
Cinque Autoctoni Collection Limited Release,4.4,4281,0,4.4
Cirsion Rioja,4.6,3474,0,2.25
Clio,4.5,24553,0,4.5
Clos Apalta,4.6,23256,0,4.6
Clos Le Léon Dizy Champagne,4.5,53,0,4.5
Clos Saint Denis Grand Cru,4.4,474,0,0.0
Clos Saint-Denis Grand Cru,4.6,40,0,0.0
Clos Sainte Hune Riesling Alsace,4.5,4106,0,4.525
Clos Vougeot Grand Cru,4.4,1202,0,0.9
Clos de Bèze Grand Cru,4.5,635,1,0.0
Clos de L'Obac,4.4,2588,0,4.6
Clos de Tart Grand Cru,4.6,214,0,0.0
Clos de Tart Grand Cru Monopole,4.5,4948,0,4.699999999999999
Clos de Vougeot,4.4,608,1,0.0
Clos de Vougeot Grand Cru,4.3,467,0,4.5
Clos de la Coulée de Serrant,4.3,8365,1,4.4
Clos de la Roche Grand Cru,4.4,429,0,0.0
Clos de la Roche Grand Cru Cuvée Vieilles Vignes,4.4,2678,0,3.2142857142857144
Clos des Goisses Champagne,4.5,4662,0,0.0
Clos des Lambrays Grand Cru,4.4,6431,0,4.45
Clos des Porrets Nuits-Saint-Georges 1er Cru,4.1,3063,0,4.4
Clos du Mesnil,4.7,2471,0,4.766666666666667
Colheita Port,4.2,8039,0,4.5
Colheita Porto,4.4,741,0,4.5
Colheita Porto Branco,4.6,65,0,4.6
Collection,4.7,2184,0,4.666666666666667
Collection Fût de Chêne Brut Champagne Grand Cru 'Ay',4.5,58,0,0.0
Collection Vintage 2000 Brut,4.6,58,0,4.7
Collina Rionda di Serralunga Barolo,4.5,156,0,0.0
Colore Toscana,4.4,1415,0,4.4
Comtes de Champagne Blanc de Blancs,4.5,27449,0,4.5
Conde de Superunda,4.2,3237,0,4.5
Contador Rioja,4.6,2240,0,4.6000000000000005
Conteisa Langhe,4.5,2295,0,4.5
Continuum Estate,4.6,6949,0,4.625
Corte di Cama Sforzato di Valtellina,4.3,3211,0,4.4
Corton Grand Cru 'Clos Rognet',4.4,543,0,0.0
Corton-Bressandes Grand Cru,4.4,861,0,0.0
Corton-Charlemagne Grand Cru,4.4,10296,0,2.1631578947368424
Corton-Charlemagne Grand Cru Blanc,4.4,2453,0,0.0
Cos d'Estournel,4.4,43704,0,3.7000000000000006
Cosimo Varvaglione Collezione Privata Negroamaro del Salento,4.3,826,0,4.4
Cosimo Varvaglione Collezione Privata Primitivo di Manduria,4.5,5016,0,4.4
Costa Russi (Barbaresco) Langhe,4.6,2876,0,4.05
Costasera Amarone della Valpolicella Classico,4.3,93397,0,4.4
Coteau de Vernon Condrieu,4.5,2015,0,0.0
Cream Tradición Vos 20 Years,4.4,623,0,4.4
Cresasso Corvina Veronese,4.2,2333,0,4.4
Crescendo,4.3,1347,0,4.4
Crichet Pajè Barbaresco,4.5,584,1,0.0
Cristal Brut Champagne (Millésimé),4.6,42456,0,4.642857142857143
Cristal Rosé Brut Champagne (Millésimé),4.6,5883,0,4.7
Cristal Rosé Vinothèque,4.8,88,0,0.0
Cristal Vinothèque,4.7,426,0,2.4
Croce Del Gal Riserva Amarone della Valpolicella Classico,4.6,188,0,0.0
Cuve 38 Blanc de Blancs Champagne (La Réserve Perpétuelle),4.6,149,0,4.6
Cuvée Annamaria Clementi (Extra Brut),4.5,7928,0,4.466666666666667
Cuvée Ernest Riesling Alsace Sélection de Grains Nobles,4.5,68,0,4.5
Cuvée Extase Blanc de Blancs Champagne Grand Cru,4.2,231,0,4.5
Cuvée Impériale Châteauneuf-du-Pape,4.3,1881,0,4.4
Cuvée Kermesse Rosso,4.2,1153,0,4.4
Cuvée Madame Barsac,4.5,94,0,0.0
Cuvée N Viñas Viejas,4.5,263,0,0.0
Cuvée Nicolas François Billecart Brut Champagne,4.5,6228,0,4.4
Cuvée Risleus Brut Champagne Premier Cru,4.4,415,0,4.4
Cuvée des Cadettes Châteauneuf-du-Pape,4.4,3283,0,4.5
Cuvée des Enchanteleurs Brut Champagne,4.5,1732,0,4.65
Cuvée des Hussards Vieilles Vignes Brut Champagne Premier Cru,4.5,47,0,0.0
Cà Bertoldi Amarone della Valpolicella Classico,4.3,3708,0,4.5
Côte Rôtie La Brocarde,4.4,278,0,0.0
Côte à Côte Estate,4.4,1133,0,0.0
Côte-Rôtie,4.4,7177,0,4.4
Côte-Rôtie La Landonne,4.6,4068,0,4.6
Côte-Rôtie La Mouline,4.6,4380,0,3.45
Côte-Rôtie La Turque,4.6,4891,0,4.625
Côtes de Bourg,4.4,8249,0,2.25
Côtes du Rhône,4.3,8196,0,4.4
Cěrǎsum Riserva Amarone della Valpolicella,4.4,460,0,0.0
Dagromis Barolo,4.3,20685,0,4.4
Dalmau Rioja,4.4,7868,0,4.5
Darmagi Langhe,4.5,3184,0,3.425
De Buris Amarone della Valpolicella Classico Riserva,4.7,574,0,4.6
Delicado Cosecha Pedro Ximénez,4.4,870,0,4.5
Denarius Graves,4.5,129,0,2.3
Dieci Brunello di Montalcino,4.6,43,0,4.6
Dogs of the Barossa Shiraz,4.4,264,0,0.0
Dolç de L'Obac,4.4,440,0,0.0
Dom Ruinart Blanc de Blancs Brut Champagne,4.5,18466,0,4.6
Domaine Grand Veneur Châteauneuf-Du-Pape Vieilles Vignes,4.3,875,0,4.5
Domaine des Tourettes Hermitage Rouge,4.3,3806,0,4.4
Dominus (Christian Moueix),4.5,22117,0,4.7
Domus Aurea Cabernet Sauvignon,4.4,9603,0,4.4
Don PX Convento Selección,4.7,1224,0,2.35
Don PX Selección,4.5,326,0,4.55
Dona Ermelinda Grande Reserva,4.4,933,0,4.4
Douro,4.4,6214,0,4.5
Douro Pintas Tinto,4.5,4167,0,4.55
Douro Quinta da Manoella VV Tinto,4.3,2548,0,4.533333333333333
Duemani Cabernet Franc,4.4,2339,0,4.5
Duna Mirante Primitivo di Manduria,4.5,96,0,0.0
EABA,4.6,151,0,0.0
Echezeaux Grand Cru,4.3,338,0,2.3
Eight Years In The Desert,4.4,27195,0,4.4
El Carretil,4.5,748,0,2.3
El Escolladero,4.4,161,0,0.0
Elevage Branco,4.5,53,0,0.0
Ermitage Ex-Voto,4.4,1804,0,3.0
Ermitage l'Ermite Blanc,4.5,296,0,2.35
Es Riserva,4.5,371,0,0.0
Esporão Private Selection Tinto,4.3,12566,0,4.4
Estate Reserve Viognier,4.4,257,0,0.0
Eszencia,4.7,488,0,0.0
Evenstad Reserve Pinot Noir,4.4,11531,0,4.4
FAY Cabernet Sauvignon,4.5,10840,0,4.5
Faith,4.5,1048,0,0.0
Falletto Barbaresco Asili,4.4,3450,0,4.4
Falletto Barbaresco Rabaja,4.4,448,0,4.5
Falletto Barolo,4.4,1760,0,4.4
Falletto Barolo Le Rocche del Falletto,4.5,1883,0,4.566666666666666
Falletto Barolo Le Rocche del Falletto Riserva,4.6,622,0,3.3
Fanòi Primitivo,4.4,695,0,4.5
Ferro,4.5,499,0,4.5
Fieramonte Amarone della Valpolicella Riserva,4.7,315,0,2.35
Finca Altamira Malbec,4.5,8093,0,4.6
Finca Bella Vista Malbec,4.5,7663,0,4.5
Finca Garbet,4.6,573,0,4.5
Finn Pinot Noir,4.5,331,0,0.0
Fino La Barajuela,4.4,222,0,0.0
Flaccianello della Pieve,4.5,21518,0,4.4799999999999995
Fleur de Miraval Exclusivement Rosé Champagne,4.4,304,0,4.4
Flor de Pingus,4.5,32932,0,4.5
Fort Ross Seaview Home Field Pinot Noir,4.4,483,0,0.0
Fossati Barolo,4.5,116,0,0.0
Fratini Bolgheri Superiore,4.8,153,0,0.0
Freienfeld Cabernet Sauvignon Riserva,4.4,173,0,0.0
Fusion V,4.4,12877,0,4.5
Félix Callejo (Viñedos de la Familia),4.3,1341,0,4.5
Gabbro Toscana,4.4,921,0,4.5
Gaia & Rey Langhe,4.5,5909,0,4.6
Galatrona,4.3,7971,0,4.425000000000001
Gallina Barbaresco,4.4,1017,0,3.0
Gardarèm,4.4,1308,0,0.0
Gaudium,4.3,7414,0,4.4
Georges De Latour Private Reserve Cabernet Sauvignon,4.4,12652,0,4.5
Gevrey Chambertin 1er Cru 'Aux Combottes',4.4,1002,0,0.0
Gewürztraminer Lunare,4.3,2732,0,4.4
Giallo d'Arles Greco di Tufo,4.3,3274,0,4.4
Ginés Liébana Pedro Ximénez,4.6,120,0,2.3
Giorgio Bartholomäus,4.4,554,0,4.5
Giramonte Toscana,4.4,1678,0,4.4
Giunonico Riserva Primitivo di Manduria,4.4,460,0,0.0
Glesie Climat,4.6,37,0,0.0
Gold Series Syrah,4.4,477,0,0.0
Gorgona,4.4,592,0,4.5
Gorgona Rosso,4.5,119,0,0.0
Graacher Himmelreich Riesling Auslese 'Goldkapsel',4.6,119,0,0.0
Graal Amarone della Valpolicella Valpantena,4.4,328,0,0.0
Grace Vineyard Pinot Noir,4.5,385,0,0.0
Gran Buig Priorat,4.6,125,0,0.0
Gran Corte (VII),4.4,15016,0,4.5
Gran Enemigo,4.5,18739,0,4.5
Gran Malbec (X),4.3,12579,0,4.4
Gran Reserva 890,4.5,11347,0,4.5
Gran Reserva Ribera del Duero,4.5,2777,0,4.4
Gran Reserva Rioja (Finca Ygay),4.3,9595,0,4.4
Gran VU Blend,4.5,2773,0,4.4
Grand Siècle Champagne (Grande Cuvée),4.5,9824,0,4.5
Grand Vin,4.4,343,0,4.5
Grand Vin Pauillac (Premier Grand Cru Classé),4.6,38521,0,4.66
Grand Vin de Château Palmer (Grand Cru Classé),4.5,29026,0,3.9875
Grande Cuvée,4.6,28513,0,4.6
Grande Cuvée I Terlaner,4.5,411,0,0.0
Grande Cuvée Luigi Moio,4.6,80,0,1.5333333333333332
Grands-Echezeaux Grand Cru,4.4,700,0,0.0
Grands-Échezeaux Grand Cru,4.4,544,0,4.6
Grands-Échézeaux Grande Cuvée Vieilles Vignes,4.4,449,0,4.5
Grange,4.7,24356,0,4.675
Gratallops Partida Bellvisos,4.3,627,0,4.5
Graticciaia,4.4,2451,0,4.4
Grenache,4.5,34,0,4.5
Guerriero del Mare,4.4,3290,0,0.0
Guerriero della Terra,4.4,10185,0,4.4
Guglielmi di Jago Amarone della Valpolicella Classico,4.4,408,0,2.35
Habemus Lazio Rosso (Etichetta Rossa),4.5,298,0,4.6
Harimann Montepulciano d'Abruzzo,4.4,1086,0,0.0
Harlan Estate Red,4.7,7231,0,4.8
Harlequin,4.7,1276,0,4.6
Helichrysum Brunello di Montalcino,4.4,1370,1,0.0
Hermitage La Chapelle Rouge,4.3,15298,0,4.5
Historical XIXth Century Wine,4.4,807,0,2.3
Hohenmorgen G.C,4.4,378,0,0.0
Hommage à Jacques Perrin Châteauneuf-du-Pape,4.5,6121,0,3.8428571428571425
Howell Mountain Cabernet Sauvignon,4.5,6466,0,4.6
Hyde Vineyard Chardonnay,4.4,265,0,0.0
Hérédita Châteauneuf-du-Pape,4.5,185,0,4.5
IX Estate Red,4.7,2810,0,4.8
Ice Wine de Purcari,4.5,722,0,4.6
Il 'Divasco' Riserva,4.4,255,0,0.0
Il Bacca Old Vine Primitivo di Manduria,4.4,2933,0,4.4
Il Bricco Barbaresco,4.3,2299,0,4.4
Il Pino di Biserno,4.3,17566,0,4.4
Il Ritrovo,4.4,363,0,0.0
Il San Lorenzo Bianco,4.5,673,1,0.0
Insignia,4.6,30674,0,4.625
Interpretación,4.4,2760,0,0.0
Ipsus Chianti Classico Gran Selezione,4.4,185,0,4.5
Isosceles,4.5,18920,0,4.5
Kairos,4.4,7364,0,3.56
Kalkofen G.C,4.4,188,0,0.0
Kalós Cru Gran Reserva Malbec,4.5,3351,0,4.4
Kapnios Aglianico,4.5,1134,0,4.6
Kevin Arnold Shiraz,4.2,6987,0,4.4
Kupra Marche,4.5,637,0,0.0
Kurni Marche,4.6,10261,0,4.5
L'Amarone del Maestro Fornaser,4.6,1031,0,0.0
L'Apparita,4.4,3836,0,4.07
L'Extravagant de Doisy-Daëne Sauternes,4.6,465,0,3.5
L'Hermitage,4.6,8592,0,4.6
LR,4.5,503,0,4.55
La Chapelle de La Mission Haut-Brion Pessac-Léognan,4.2,6754,0,4.4
La Cueva del Contador Rioja,4.3,4013,0,4.4
La Faraona Bierzo (Corullón),4.6,423,0,0.0
La Grande Année Brut Champagne,4.5,24646,0,4.5
La Grande Dame Brut Champagne,4.5,17474,0,4.5
La Grande Dame Brut Rosé Champagne,4.6,1118,0,4.65
La Grande Rue Grand Cru Monopole,4.4,1496,0,1.5
La Joie,4.6,2285,0,4.55
La Landonne Côte-Rôtie,4.5,584,0,0.0
La Mattonara Amarone della Valpolicella Classico Riserva,4.7,1196,0,4.6
La Muse,4.5,1948,0,4.6
La Nieta,4.6,4508,0,4.6
La Piu Belle,4.6,13420,0,4.4
La Poza de Ballesteros,4.4,987,0,4.5
La Ricolma,4.2,1525,0,4.5
La Serra Barolo,4.4,1449,0,0.0
La Vina de Corteo,4.7,374,0,4.6
Lagrein Riserva Porphyr,4.4,5123,0,2.9333333333333336
Le Bourg Saumur Champigny,4.5,1264,1,4.7
Le Désir,4.5,1694,0,4.5
Le Lucére Brunello di Montalcino Riserva,4.4,213,0,0.0
Le Mesnil Blanc de Blancs (Cuvée S) Brut Champagne,4.7,9564,0,4.733333333333333
Le Montrachet Grand Cru,4.5,236,0,0.0
Le Petit Cheval Bordeaux Blanc,4.4,782,0,4.4
Le Petit Mouton de Mouton Rothschild Pauillac,4.4,8214,0,4.4
Le Serre Nuove,4.3,50411,0,4.4
Les Beaux Monts Vosne-Romanée 1er Cru,4.4,787,0,0.0
Les Bessards Hermitage,4.4,1515,0,0.0
Les Blanchiens Brut Nature Champagne Premier Cru,4.4,590,0,0.0
Les Boudots Nuits-Saint-Georges 1er Cru,4.4,339,0,0.0
Les Clos Chablís Grand Cru,4.5,1750,0,4.5
Les Grandes Places Côte-Rôtie,4.4,1316,0,2.25
Les Manyes,4.4,924,1,4.6
Les Noisetiers,4.4,7035,0,4.4
Les Ouvrées Rodin Chambertin-Clos de Bèze Grand Cru,4.5,33,0,0.0
Les Pavots,4.6,4010,0,4.7
Les Poyeux Saumur Champigny,4.5,2005,1,4.5
Les Riceys Cuvée Cyriès Brut Millesimé Champagne,4.6,43,0,0.0
Les Ruchons Sancerre Blanc,4.4,269,0,4.5
Les Sentiers Chambolle-Musigny 1er Cru,4.4,1253,0,0.0
Librante Primitivo di Manduria,4.4,491,0,0.0
Ligne de Crete Les Grandes Vignes Hermitage,4.7,76,0,0.0
Lilium Est Amarone Della Valpolicella Riserva,4.5,733,0,4.5
Limited Edition 10 Vendemmie,4.5,9453,0,4.5
Lindaflor Blend,4.3,3550,0,4.5
Linticlarus Lagrein Riserva,4.2,1387,0,4.4
Lion Tamer Napa Valley Red Blend,4.3,4981,0,4.4
Lithology Cabernet Sauvignon,4.6,148,0,4.5
Lodovico,4.6,3860,0,4.642857142857143
Los Jabalíes Single Vineyard Malbec,4.4,284,0,4.5
Lot 1,4.4,226,0,4.7
Luce,4.4,17470,0,4.4
Luce Brunello di Montalcino,4.5,6544,0,4.45
Luminaria Primitivo di Manduria,4.4,563,0,4.5
Lupi Rezerva,4.5,7604,0,4.55
Lupi e Sirene Riserva,4.5,1292,0,4.5
Lupicaia,4.4,4414,0,4.44
Lux Vitis,4.5,530,0,4.5
MV,4.5,4763,0,4.5
MV Rosé,4.5,588,0,4.5
Macán,4.4,14368,0,4.5
Macán Clásico,4.3,16525,0,4.4
Madonna delle Grazie Brunello di Montalcino,4.5,2747,0,4.625
Maggiarino Vino Nobile di Montepulciano,4.3,555,0,4.4
Magma,4.5,748,1,0.0
Mai The First A.Montes Malbec,4.4,6379,0,4.4
Malbec,4.2,33640,0,4.4
Malbec Argentino,4.4,47435,0,4.5
Malleolus,4.3,34630,0,4.4
Malleolus de Sanchomartin,4.6,3655,0,4.5
Margaux (Grand Cru Classé),4.2,15699,0,4.4
Maria Adelaide Barbaresco,4.3,501,0,4.5
Mark Bradford Vineyard Pinot Noir,4.5,254,0,0.0
Marmar,4.5,514,0,4.5
Mas Via Gran Reserva Brut,4.5,408,0,4.5
Maya,4.6,1570,0,2.3
Mazis-Chambertin Grand Cru,4.4,433,0,1.15
Mazis-Chambertin Grand Cru Cuvée Madeleine Collignon,4.4,1016,0,4.7
Mazzano Amarone Della Valpolicella Classico,4.5,3276,0,4.5
Memorias,4.3,15980,0,4.4
Mendoza,4.4,19849,0,4.45
Merlot,4.4,1922,0,3.016666666666667
Merlot (Signature),4.3,2312,0,4.4
Messorio,4.5,5514,0,4.566666666666666
Meursault 1er Cru 'Charmes',4.3,242,0,4.5
Meursault 1er Cru 'Genevrières' Blanc,4.5,311,0,0.0
Meursault 1er Cru 'Les Genevrières',4.3,606,0,4.5
Meursault 1er Cru 'Perrières',4.4,342,0,0.0
Mille E Una Notte,4.3,15865,0,4.4
Millecento Brunello di Montalcino Riserva,4.6,1364,0,4.55
Minami,4.4,246,0,4.4
Mironia Black Edition Tempranillo,4.5,187,0,0.0
Miserere,4.3,1392,0,4.5
Moncerbal Bierzo (Corullón),4.3,1090,0,4.5
Mongovone Barbera d'Asti Superiore,4.3,2771,0,4.4
Monte Bello,4.5,11978,0,4.5
Montefico Barbaresco Vecchie Viti,4.4,581,1,0.0
Montelìg,4.4,2905,0,4.45
Montepulciano d'Abruzzo,4.2,10110,1,3.925
Montrachet Grand Cru,4.7,516,0,1.175
Montrachet Grand Cru Blanc,4.5,700,0,0.0
Montrachet Grand Cru Marquis de Laguiche,4.6,1970,0,4.8
Morey-Saint-Denis Tres Girard,4.4,339,1,4.5
Moss Blanc Verdicchio dei Castelli di Jesi Classico Superiore,4.6,94,0,0.0
Mossone,4.4,892,0,0.0
Museum Collection White,4.4,297,0,4.6
Musigny Grand Cru,4.4,171,0,1.2
Musigny Grand Cru (Cuveé Vieilles Vignes),4.6,3533,0,3.1
Mágico,4.8,146,0,0.0
N.P.U. Extra Brut Champagne (Nec Plus Ultra),4.5,1482,0,4.5
Nebro Ribera del Duero,4.4,647,0,0.0
Nebukadnesar,4.4,3609,0,4.4
Negru de Purcari Limited Edition,4.5,970,0,4.5
Nettare Veneto Bianco,4.6,87,0,1.5999999999999999
Nicolás Catena Zapata,4.4,28227,0,4.5
Nine Popes,4.3,2118,0,4.4
Nosotros Single Vineyard Nómade,4.6,9995,0,4.5
Novicium Estate,4.4,495,0,4.5
Nuits-Saint-Georges,4.4,257,0,0.0
Nuits-Saint-Georges 1er Cru 'Aux Murgers',4.5,40,0,0.0
Nuits-Saint-Georges 1er Cru 'Aux Thorey',4.4,543,0,0.0
Nuits-Saint-Georges 1er Cru 'Clos des Corvées',4.4,1245,1,0.0
Nuits-Saint-Georges 1er Cru Les Damodes,4.1,793,0,4.5
NŌ Rosso,4.5,297,0,4.5
Octavius Amarone della Valpolicella Riserva,4.6,450,0,0.0
Oh Carlos Manuel! Tinto,4.5,58,0,0.0
Old Vines Malbec,4.2,667,0,4.4
Old Vines Primitivo di Manduria,4.4,20904,0,4.4
One Point Five Cabernet Sauvignon,4.5,16341,0,4.5
One Sixteen Chardonnay,4.4,1753,0,4.5
Opus One,4.6,77053,0,4.6499999999999995
Oreno Toscana,4.3,12407,0,4.4
Ornato Barolo,4.4,5469,0,4.5
Os Paulistas Chão dos Eremitas Vinhas Velhas,4.4,334,0,4.4
Overture,4.5,16804,0,4.5
Ozanne Blanc de Blancs Brut Champagne Grand Cru 'Avize',4.5,484,0,4.5
P2 Plénitude Brut Champagne,4.7,7543,0,4.7
Pajè Barbaresco,4.3,1910,1,4.45
Palazzi Rosso Toscana,4.4,961,0,0.0
Paleo Rosso,4.4,10940,0,2.2
Palo Cortado Añada,4.6,27,0,0.0
Palo Cortado Tradición Vors 30 Years Sherry,4.4,1050,0,4.4
Pandorga,4.4,148,0,0.0
Papillon,4.5,30682,0,4.5
Paralupi Appassimento,4.4,575,0,0.0
Pauillac (Grand Cru Classé),4.4,55808,0,4.16
Pauillac (Premier Grand Cru Classé),4.6,39283,0,4.613793103448276
Pavillon Rouge du Château Margaux,4.4,16401,0,0.0
Pedro Ximenez Tradición 20 Years Old Vos,4.5,954,0,4.5
Pedrouzos Godello,4.5,109,0,0.0
Pegrandi Amarone della Valpolicella Classico,4.4,1833,0,4.6
Per Sempre Syrah Toscana,4.5,711,0,4.5
Percarlo,4.3,4808,0,4.45
Permassimo,4.7,186,0,4.6
Perpetual,4.3,3809,0,4.4
Perpiero,4.6,351,0,4.7
Pessac-Léognan (Grand Cru Classé de Graves),4.4,27316,0,3.75
Pessac-Léognan (Premier Grand Cru Classé),4.6,39605,0,4.306666666666667
Pessac-Léognan Blanc (Grand Cru Classé de Graves),4.5,1206,0,1.9714285714285715
Petracs Furmint,4.4,200,0,4.4
Petrucci Melo,4.5,61,0,4.5
Peña Lobera,4.4,234,0,0.0
Pian delle Vigne Brunello di Montalcino,4.3,31363,0,4.4
Pian delle Vigne Vignaferrovia Brunello di Montalcino Riserva,4.5,2165,0,4.433333333333334
Pietradonice,4.3,2266,0,4.45
Pietro Dal Cero Amarone della Valpolicella,4.5,6424,0,4.466666666666667
Pieve Santa Restituta Brunello di Montalcino,4.4,21867,0,4.4
Pieve Santa Restituta Rennina Brunello di Montalcino,4.5,3393,0,4.5
Pieve Santa Restituta Sugarille Brunello di Montalcino,4.5,3717,0,4.5
Pignan Châteauneuf-du-Pape Réserve Rouge,4.6,1881,0,4.5
Pingus,4.6,6013,0,4.66
Pinotage,4.4,2063,0,4.5
Piovesole Amarone della Valpolicella Classico,4.3,868,0,4.5
Platinum,4.3,883,0,4.4
Pochi Filagn Barbera d'Alba,4.2,410,0,4.5
Poggio Al Vento Brunello di Montalcino Riserva,4.4,4542,0,4.4
Poggio Alle Nane Maremma Toscana,4.4,3509,0,4.4
Poggio all'Oro Brunello di Montalcino Riserva,4.5,7033,0,4.4
Pomerol,4.4,7221,0,3.578723404255319
Pommard 1er Cru Les Rugiens-Bas,4.3,592,0,4.5
Pour Vous Sancerre,4.5,125,0,4.5
Predappio Massera,4.4,161,0,0.0
Preta Cuvée David Booth Grande Reserva,4.3,1507,0,4.5
Primitivo di Manduria,4.2,2011,0,4.5
Puligny-Montrachet,4.3,4548,0,4.4
Puligny-Montrachet 1er Cru 'La Garenne',4.4,442,0,0.0
Puligny-Montrachet 1er Cru 'Les Champs Gains',4.4,429,0,0.0
Puligny-Montrachet Enseignères,4.3,941,0,4.5
Puligny-Montrachet Premier Cru ' Clos de la Truffière',4.4,475,0,0.0
Puligny-Montrachet Premier Cru Champ-Canet,4.4,1020,0,0.0
Puligny-Montrachet Premier Cru Clos du Cailleret,4.3,395,0,4.6
Puligny-Montrachet Premier Cru La Garenne,4.5,200,0,0.0
Puligny-Montrachet Premier Cru Les Combettes,4.4,582,0,0.0
Pur Sang,4.3,3634,0,4.45
Pym-Rae Red Blend,4.5,273,0,4.5
Quarto Vecchio Amarone della Valpolicella Classico Riserva,4.5,292,0,0.0
Quarz Sauvignon,4.4,8884,0,4.425000000000001
Quincha Corral,4.4,1230,0,4.5
Quinta da Leda Douro,4.4,14197,0,4.4
Quiñon de Valmira,4.6,377,0,4.7
R.D Extra Brut Champagne (Récemment Dégorgé),4.6,7737,0,3.0666666666666664
RWT Bin 798 Shiraz,4.4,1975,0,4.4
Rapture Cabernet Sauvignon,4.3,2117,0,4.4
Raut Lagrein,4.5,58,0,0.0
Recioto della Valpolicella (Monte Lodoletta),4.6,227,0,1.5666666666666667
Recioto della Valpolicella Classico,4.7,1045,0,2.35
Recioto della Valpolicella Classico Riserva,4.5,27,0,0.0
Red,4.6,3639,0,4.5200000000000005
Red Blend,4.5,457,0,2.2
Redigaffi Toscana,4.5,5212,0,3.8714285714285714
Regina del Bosco R.Quarantottomesi,4.5,109,0,4.6
Relentless,4.5,6633,0,4.4
Reserva Particular de Recaredo Gran Reserva Brut Nature,4.4,923,0,0.0
Reserva Ribera del Duero,4.3,11233,0,4.4
Reserve,4.6,1175,0,1.5333333333333332
Reserve Chardonnay,4.5,396,0,0.0
Reserve Pinotage,4.4,1891,0,4.5
Ribera del Duero,4.5,69278,0,4.5
Ribera del Duero Prestigio,4.4,2994,0,4.5
Ribera del Duero Reserva,4.3,37394,0,4.4
Ribolla Gialla,4.3,7018,1,4.4
Richebourg Grand Cru,4.5,1296,0,0.0
Riesling 'Le Gallais' Wiltinger Braune Kupp Auslese,4.5,242,0,4.6
Rioja 150 Aniversario,4.2,4642,0,4.4
Rioja Blanco Reserva,4.4,361,0,0.0
Rioja Reserva,4.4,13544,0,4.4
Rioja Reserva 10 Años Después Edición Limitada,4.4,1093,0,4.4
Riserva Nova Domus Terlaner,4.3,5250,0,4.4
Riserva vecchie viti dei Capalot e delle Brunate Barolo,4.5,338,0,4.7
Rocche dell'Annunziata Barolo,4.5,218,0,0.0
Rocche dell'Annunziata Barolo Riserva,4.5,1609,0,0.0
Rocche dell'Annunziata Torriglione Barolo,4.5,1222,0,0.0
Rocche di Castiglione Barolo,4.3,2397,0,4.45
Roccolo Ludwig Barth von Barthenau,4.4,155,0,0.0
Roda I Reserva Rioja,4.4,22749,0,4.4
Romanée-Saint-Vivant Grand Cru,4.5,463,0,1.175
Romanée-Saint-Vivant Grand Cru (Marey-Monge),4.7,6597,0,4.666666666666667
Romanée-Saint-Vivant Grand Cru Les Quatre Journaux,4.4,731,0,0.0
Rosso,4.5,88,0,2.25
Rosé,4.6,3605,0,4.6
Rosé Brut Champagne Grand Cru 'Ambonnay',4.4,1782,0,4.4
Royal St Robert Cuvée Pinot Noir,4.3,2099,0,4.4
Rubicon,4.6,6421,0,4.55
Rujno Rosso,4.5,532,1,1.5333333333333332
Rutherford,4.6,16322,0,4.666666666666667
Rutherford Cabernet Sauvignon,4.3,655,0,4.6
Réserve Côtes-du-Rhône,4.4,4027,0,4.5
Réservé Châteauneuf-du-Pape,4.4,297,0,0.0
S.L.V. Cabernet Sauvignon,4.5,6560,0,4.6
Saffredi,4.4,10499,0,4.4
Saint-Emilion Grand Cru (Premier Grand Cru Classé),4.4,1986,0,2.3
Saint-Estèphe (Grand Cru Classé),4.3,35624,0,4.425000000000001
Saint-Joseph,4.3,3931,0,4.4
Saint-Julien (Grand Cru Classé),4.3,32627,0,4.21875
Saint-Émilion Grand Cru,4.6,5390,0,1.6636363636363634
Saint-Émilion Grand Cru (Grand Cru Classé),4.4,3498,0,0.0
Saint-Émilion Grand Cru (Premier Grand Cru Classé),4.6,22896,0,4.0285714285714285
San Vicente Rioja,4.3,10701,0,4.4
Sancerre 'Clos la Néore',4.4,699,0,4.533333333333333
Saperavi,4.4,4745,0,2.2
Sassella Nuova Regina Riserva,4.3,987,0,4.4
Sassicaia,4.6,107646,0,4.22
Sauternes,4.7,44126,0,4.7
Sauternes (Premier Grand Cru Classé),4.4,19239,0,3.3000000000000003
Scharzhofberger Riesling Auslese,4.6,1666,0,4.55
Scharzhofberger Riesling Eiswein,4.7,30,0,0.0
Scharzhofberger Riesling Kabinett,4.4,3047,0,4.45
Scharzhofberger Riesling Spätlese,4.4,1564,0,2.25
Schlehdorn Riesling Trocken,4.4,202,0,0.0
Scrio,4.3,2322,0,4.45
Secentenario,4.6,96,0,4.6
Sed de Caná,4.5,345,0,2.35
Semel Pater,4.4,710,0,0.0
Series C,4.5,3027,0,4.533333333333333
Series M,4.4,2995,0,4.475
Serral del Vell Brut Nature,4.3,2418,0,4.5
Siepi,4.4,8129,0,3.5200000000000005
Silex,4.5,8386,0,4.45
Single Barrel Champagne Grand Cru 'Le Mesnil-sur-Oger',4.6,34,0,0.0
Sir Winston Churchill Brut Champagne,4.6,12873,0,4.6
Solare Toscana,4.2,4961,0,4.5
Son Negre,4.5,521,0,4.6
Sorì San Lorenzo,4.6,3857,0,3.425
Sorì Tildìn (Barbaresco) Langhe,4.6,3955,0,3.566666666666666
Sous L'Escalier Petite Arvine du Valais,4.4,164,0,0.0
Special Selection Cabernet Sauvignon,4.7,41236,0,4.65
Sperss Barolo,4.6,10950,0,4.581818181818182
St. Henri Shiraz,4.4,17326,0,4.4
TD9,4.3,6056,0,4.4
Tenuta Guado al Tasso Bolgheri Superiore,4.5,33392,0,3.325
Tenuta Guado al Tasso Matarocchio,4.6,1875,0,4.7
Tenuta Montebello Picconero,4.4,2011,0,4.4
Tenuta Nuova Brunello di Montalcino,4.5,20934,0,4.5
Tenuta Tignanello 'Solaia',4.6,33143,0,4.675
Terrasse à l'Ombre Côtes du Rhône,4.5,819,0,4.5
Tessons Clos de Mon Plaisir Meursault,4.4,761,0,0.0
The Armagh Shiraz,4.5,2472,0,0.0
The Black Lion,4.7,476,0,2.35
The Journeyman,4.6,231,0,0.0
The Laird,4.7,627,0,0.0
The Mackenzie,4.4,1220,0,4.4
The Stork,4.5,1638,0,4.5
Tignanello,4.5,142513,0,4.5375
Tinto,4.4,2511,0,3.35
Todeschini Distique Saint-Émilion Grand Cru,4.4,185,0,0.0
Tokaji Aszú 3 Puttonyos,4.3,7080,0,4.4
Tokaji Aszú 5 Puttonyos,4.5,5449,0,4.45
Tokaji Aszú 6 Puttonyos,4.6,2366,0,2.3
Toknar,4.4,2033,0,0.0
Tordiz 40 Year Old Tawny Port,4.6,474,0,4.6
Toro,4.4,60705,0,4.45
Torre Muga,4.4,8767,0,4.5
Toscana,4.7,16284,0,4.658064516129032
Toscana Batar,4.3,4187,0,4.4
Toscana Bianco,4.5,833,0,4.5
Toscana Camartina,4.3,3673,0,4.4
Toscana I Sodi di San Niccolo,4.4,8853,0,4.4
Toscana Il Pareto,4.3,3195,0,4.6
Toscana Rosso,4.5,2799,0,4.56
Touran,4.6,274,0,0.0
Tourmaline Pomerol,4.5,237,0,0.0
Trasnocho,4.5,3399,0,4.5
Trebbiano d'Abruzzo,4.4,5834,1,2.2
Treinta y Dos Pinot Noir,4.4,3417,0,4.5
Triglia Negroamaro Rosato,4.4,278,0,4.7
Trittenheimer Apotheke,4.5,27,0,0.0
Turriga Isola dei Nuraghi,4.4,14641,0,4.5
Ulysses,4.3,1980,0,4.4
Unico,4.7,45140,0,4.666666666666667
Unico Reserva Especial Edición,4.7,13025,0,4.6
V Red,4.4,1715,0,4.5
V.P Extra Brut Champagne Grand Cru 'Ambonnay',4.4,2079,0,4.4
VIK,4.6,8493,0,4.5
VT Vendemmia Tardiva,4.4,1096,0,0.0
VV 26 Blanc de Blancs Vieilles Vignes Grand Cru Brut,4.5,314,0,4.5
Vacqueyras,4.3,3412,0,4.4
Valbuena 5º,4.6,72784,0,4.7
Valdegatiles Ribera del Duero,4.4,587,0,0.0
Valdegines,4.2,2594,0,4.4
Valmezzane Amarone della Valpolicella,4.4,799,1,4.45
Valpolicella Classico Superiore,4.5,12262,0,2.2
Valpolicella Superiore Monte Lodoletta,4.5,13024,0,4.5
Vecchie Vigne Brunello di Montalcino,4.3,3868,0,4.5
Veneto Alzero Cabernet,4.7,2600,0,4.74
Veneto Rosso del Bepi,4.6,3747,0,3.0
Victorino,4.3,9294,0,4.4
Vieille Vigne Griottes-Chambertin Grand Cru,4.5,257,0,0.0
Vieilles Vignes Châteauneuf-du-Pape Blanc,4.4,2587,0,0.0
Vieilles Vignes La Parcelle 8 Apalta,4.4,184,0,4.4
Vieilles Vignes Mazis-Chambertin Grand Cru,4.5,218,0,0.0
Vieilles Vignes Meursault,4.2,1426,0,4.4
Vieux Marc de Bandol,4.5,102,0,0.0
Vigna Cappella di S. Stefano Perno Barolo,4.4,2514,0,4.4
Vigna Colonnello Barolo Riserva Bussia,4.4,957,0,4.5
Vigna Grande Cerzito Taurasi Riserva,4.5,581,0,4.5
Vigna Madonna Assunta La Villa Barolo Riserva,4.4,470,0,4.5
Vigna Molsino,4.3,2269,0,4.5
Vigna del Suolo Brunello di Montalcino,4.5,201,0,4.6
Vigne Vecchie Gold Series Leggenda Primitivo di Manduria,4.3,3121,0,4.5
Vignes Centenaires 'La Richemone',4.4,182,0,0.0
Vigneto Bellavista Chianti Classico,4.4,1402,0,3.62
Vin Santo di Montepulciano,4.6,773,0,0.0
Vin Santo di Montepulciano Occhio di Pernice,4.4,1867,0,1.15
Vin de Constance (Natural Sweet),4.6,13210,0,4.6
Vin de Paille,4.5,35,0,0.0
Vin de Pays de l'Hérault,4.5,8933,0,4.533333333333333
Vin de Pays de l'Hérault Blanc,4.6,1209,0,4.55
Vinha Centenaria Branco,4.4,281,0,4.5
Vinha dos Utras,4.5,65,0,0.0
Vinhas Velhas Tinto,4.5,736,0,4.6
Vintage,4.6,16918,0,4.666666666666667
Vintage Port,4.5,2614,0,4.5
Vintage Port Nacional,4.6,1122,0,4.8
Vite Talin Barolo,4.5,131,0,4.6
Vittorio Moretti,4.4,2025,0,4.4
Viña El Pison,4.6,3027,0,4.65
Volnay 1er Cru Les Caillerets,4.3,591,0,4.5
Vosne-Romanée,4.3,1030,0,4.5
Vosne-Romanée 'Les Quartiers de Nuits',4.3,511,0,4.5
Vosne-Romanée 1er Cru 'Aux Malconsorts',4.5,681,0,4.5
Vosne-Romanée 1er Cru 'Les Suchots',4.4,651,1,0.0
Vosne-Romanée 1er Cru Aux Malconsorts Christiane,4.5,309,0,0.0
Vosne-Romanée Premier Cru 'Les Suchots',4.3,601,0,4.5
Vosne-Romanée Premier Cru Aux Reignots,4.6,645,0,4.525
Vosne-Romanée Premier Cru Les Petits Monts,4.5,105,0,0.0
Vosne-Romanée Premier Cru Les Suchots,4.3,522,0,4.5
Vénus Blanc de Blancs Brut Nature Champagne Grand Cru 'Avize',4.4,794,1,0.0
Vürsù Barbaresco Gallina,4.4,4262,0,4.4
Vürsù Barbaresco Starderi,4.4,4414,0,4.4
Vürsù Barbaresco Valeirano,4.4,3263,0,4.6
Vürsù Barolo Campè,4.4,6260,0,4.4799999999999995
Winemaker's Selection,4.3,292,0,4.4
Yarden Katzrin,4.5,894,0,0.0
Zeltinger Sonnenuhr Beerenauselese Riesling,4.5,49,0,0.0
Zeltinger Sonnenuhr Beerenauslese,4.7,44,0,0.0
d'Alceo,4.4,3133,0,2.966666666666667
Échézeaux Grand Cru,4.7,359,0,0.0
Étoile Rosé,4.5,183,0,4.5
Παλιές Ρίζες (Palies Rizes),4.4,313,0,0.0
