Wines,Country,Reviews,Rating
Vin Santo di Montepulciano,Italie,773,4.6
St. Henri Shiraz,Australie,17326,4.4
Siepi,Italie,8129,4.4
Solare Toscana,Italie,4961,4.2
Tenuta Tignanello 'Solaia',Italie,33143,4.6
Tignanello,Italie,142513,4.5
Tenuta Guado al Tasso Bolgheri Superiore,Italie,33392,4.5
Pian delle Vigne Brunello di Montalcino,Italie,31363,4.3
Castello della Sala Cervaro della Sala,Italie,30203,4.4
Castello della Sala Muffato della Sala,Italie,6356,4.3
Chardonnay,États-Unis,18694,4.3
Amarone della Valpolicella Classico,Italie,18720,4.4
Nicolás Catena Zapata,Argentine,28227,4.4
Malbec Argentino,Argentine,47435,4.4
Alàuda,Italie,670,4.5
Rioja 150 Aniversario,Espagne,4642,4.2
Puligny-Montrachet 1er Cru 'La Garenne',France,442,4.4
Monte Bello,États-Unis,11978,4.5
Cabernet Sauvignon (Signature),États-Unis,13730,4.6
Merlot (Signature),États-Unis,2312,4.3
Pauillac (Premier Grand Cru Classé),France,39283,4.6
Almaviva,Chili,48075,4.6
Mille E Una Notte,Italie,15865,4.3
Overture,États-Unis,16804,4.5
Sassicaia,Italie,107646,4.6
Rutherford,États-Unis,16322,4.6
Chateau Buena Vista Cabernet Sauvignon Napa Valley,États-Unis,13415,4.3
Relentless,États-Unis,6633,4.5
Pavillon Rouge du Château Margaux,France,16401,4.4
Aphrodite,Australie,367,4.4
Les Pavots,États-Unis,4010,4.6
Toscana Batar,Italie,4187,4.3
Toscana Camartina,Italie,3673,4.3
Papillon,États-Unis,30682,4.5
Amarone della Valpolicella Classico,Italie,77515,4.3
Barolo Bricco Rocche,Italie,2923,4.4
Barolo Prapò,Italie,2450,4.3
Barolo Brunate,Italie,4295,4.3
Corton-Charlemagne Grand Cru,France,5755,4.4
Romanée-Saint-Vivant Grand Cru Les Quatre Journaux,France,731,4.4
Torre Muga,Espagne,8767,4.4
Gran Reserva Ribera del Duero,Espagne,2777,4.5
Gran Reserva 890,Espagne,11347,4.5
IX Estate Red,États-Unis,2810,4.7
Lot 1,États-Unis,226,4.4
Amarone della Valpolicella Classico,Italie,27794,4.3
Brut Cuvée Champagne Rosé,France,36681,4.4
Barolo Bricco Gattera,Italie,2365,4.4
Barolo Enrico VI,Italie,3107,4.4
Grand Vin de Château Palmer (Grand Cru Classé),France,29026,4.5
Brunello di Montalcino,Italie,25989,4.4
Pietradonice,Italie,2266,4.3
Tenuta Nuova Brunello di Montalcino,Italie,20934,4.5
Dominus (Christian Moueix),États-Unis,22117,4.5
La Muse,États-Unis,1948,4.5
La Joie,États-Unis,2285,4.6
Le Désir,États-Unis,1694,4.5
Brunello di Montalcino,Italie,9171,4.4
Altero Brunello di Montalcino,Italie,4620,4.4
Brunello di Montalcino Riserva,Italie,1875,4.5
Saint-Émilion Grand Cru (Premier Grand Cru Classé),France,22896,4.6
The Stork,Afrique du Sud,1638,4.5
Hermitage La Chapelle Rouge,France,15298,4.3
Castillo Ygay Gran Reserva Especial Tinto,Espagne,23170,4.5
Puligny-Montrachet Enseignères,France,941,4.3
Malleolus,Espagne,34630,4.3
Malleolus de Sanchomartin,Espagne,3655,4.6
Capitel Monte Olmi Amarone della Valpolicella Classico Riserva,Italie,4229,4.3
Toscana I Sodi di San Niccolo,Italie,8853,4.4
60 Sessantanni Old Vines Primitivo di Manduria,Italie,94289,4.5
Falletto Barolo,Italie,1760,4.4
Campo dei Gigli Amarone della Valpolicella,Italie,5050,4.4
Ribera del Duero Prestigio,Espagne,2994,4.4
Ribera del Duero Reserva,Espagne,37394,4.3
Amarone della Valpolicella Classico,Italie,48329,4.4
Clos Apalta,Chili,23256,4.6
Barolo Rocche,Italie,1615,4.4
Montepulciano d'Abruzzo,Italie,10110,4.2
Brunello di Montalcino Riserva,Italie,987,4.4
Pauillac (Grand Cru Classé),France,47234,4.4
Saint-Emilion Grand Cru (Premier Grand Cru Classé),France,1986,4.4
Les Bessards Hermitage,France,1515,4.4
Félix Callejo (Viñedos de la Familia),Espagne,1341,4.3
Bricco dell'Uccellone Barbera d'Asti,Italie,17625,4.3
Vürsù Barbaresco Starderi,Italie,4414,4.4
Vürsù Barbaresco Valeirano,Italie,3263,4.4
Blanc de Blancs Brut Champagne Grand Cru,France,5553,4.4
Series C,Afrique du Sud,3027,4.5
Series M,Afrique du Sud,2995,4.4
Paleo Rosso,Italie,10940,4.4
Messorio,Italie,5514,4.5
Scrio,Italie,2322,4.3
Malbec,Argentine,33640,4.2
Montrachet Grand Cru Blanc,France,700,4.5
Musigny Grand Cru,France,739,4.6
Clos Saint Denis Grand Cru,France,474,4.4
Cabernet Sauvignon,États-Unis,28544,4.4
Insignia,États-Unis,30674,4.6
Barolo Sorì Ginestra,Italie,4827,4.3
Barolo Ginestra Vigna del Gris,Italie,3333,4.3
Saint-Émilion Grand Cru (Premier Grand Cru Classé),France,24916,4.4
Barsac (Premier Grand Cru Classé),France,6028,4.4
Galatrona,Italie,7971,4.3
Brunello di Montalcino,Italie,7929,4.3
Pessac-Léognan (Grand Cru Classé de Graves),France,25444,4.3
Chloe Chardonnay,États-Unis,458,4.5
Finn Pinot Noir,États-Unis,331,4.5
Châteauneuf-Du-Pape Cuvée Des Générations Gaston-Philippe,France,2077,4.4
Châteauneuf-du-Pape,France,13917,4.2
1694 Classification Red,Afrique du Sud,1841,4.5
Altura,Chili,2733,4.5
Pomerol,France,11645,4.2
Cirsion Rioja,Espagne,3474,4.6
Chardonnay,Afrique du Sud,1031,4.4
La Grande Année Brut Champagne,France,24646,4.5
Big'd Big Barolo,Italie,1148,4.4
Vigna Cappella di S. Stefano Perno Barolo,Italie,2514,4.4
Amarone della Valpolicella,Italie,4689,4.3
Giramonte Toscana,Italie,1678,4.4
Costasera Amarone della Valpolicella Classico,Italie,93397,4.3
Campolongo di Torbe Amarone della Valpolicella Classico,Italie,4392,4.5
Brunello di Montalcino Riserva Vigna Paganelli,Italie,7123,4.3
Bolgheri Superiore,Italie,47939,4.6
Le Serre Nuove,Italie,50411,4.3
Barolo Ginestra Casa Maté,Italie,4116,4.4
Il Bricco Barbaresco,Italie,2299,4.3
Ornato Barolo,Italie,5469,4.4
Saint-Julien (Grand Cru Classé),France,37174,4.3
Flaccianello della Pieve,Italie,21518,4.5
25 anni Montefalco Sagrantino,Italie,5419,4.3
Cuvée Annamaria Clementi (Extra Brut),Italie,7928,4.5
Brunello di Montalcino,Italie,8875,4.3
Brunello di Montalcino,Italie,6683,4.3
Brunello di Montalcino,Italie,7546,4.3
Brunello di Montalcino Riserva,Italie,1665,4.4
Barolo Cannubi Boschis,Italie,4298,4.4
Barolo Le Vigne,Italie,5026,4.3
Carruades de Lafite Pauillac,France,13866,4.4
Beaune 1er Cru 'Clos des Mouches' Blanc,France,3093,4.4
Chambertin Clos de Bèze Grand Cru,France,331,4.4
Grands-Echezeaux Grand Cru,France,700,4.4
Puligny-Montrachet,France,4548,4.3
Aconcagua Valley,Chili,18482,4.5
Conde de Superunda,Chili,3237,4.2
5 Stelle Sfursat,Italie,10740,4.5
The Armagh Shiraz,Australie,2472,4.5
Côte-Rôtie La Landonne,France,4068,4.6
Côte-Rôtie La Mouline,France,4380,4.6
Ermitage Ex-Voto,France,1804,4.4
Corton-Charlemagne Grand Cru,France,1913,4.4
Bramare Marchiori Vineyard Malbec,Argentine,8713,4.5
Viña El Pison,Espagne,3027,4.6
Cabernet Sauvignon,Italie,2408,4.4
Saint-Julien (Grand Cru Classé),France,29317,4.4
Barbaresco,Italie,24516,4.5
Costa Russi (Barbaresco) Langhe,Italie,2876,4.6
Sorì Tildìn (Barbaresco) Langhe,Italie,3955,4.6
Sorì San Lorenzo,Italie,3857,4.6
Dagromis Barolo,Italie,20685,4.3
Conteisa Langhe,Italie,2295,4.5
Sperss Barolo,Italie,10950,4.6
Darmagi Langhe,Italie,3184,4.5
Cabernet Sauvignon,États-Unis,157944,4.6
Special Selection Cabernet Sauvignon,États-Unis,41236,4.7
Cabernet - Cabernet,Argentine,27436,4.3
Barolo Monvigliero,Italie,1163,4.2
Blanc de Blancs Brut Champagne (Vintage),France,6400,4.3
Cristal Brut Champagne (Millésimé),France,42456,4.6
Cristal Rosé Brut Champagne (Millésimé),France,5883,4.6
Cos d'Estournel,France,43704,4.4
Baron de L Pouilly-Fumé,France,9002,4.4
Amarone della Valpolicella Classico,Italie,6669,4.5
Nine Popes,Australie,2118,4.3
Barolo Bussia Romirasco,Italie,1544,4.5
Puligny-Montrachet Premier Cru La Garenne,France,200,4.5
Puligny-Montrachet Premier Cru Champ-Canet,France,1020,4.4
Corte di Cama Sforzato di Valtellina,Italie,3211,4.3
Bric Dël Fiasc Barolo,Italie,4947,4.3
Redigaffi Toscana,Italie,5212,4.5
Châteauneuf-du-Pape Chaupin,France,4483,4.2
Quinta da Leda Douro,Portugal,14197,4.4
Colheita Port,Portugal,8039,4.2
Tordiz 40 Year Old Tawny Port,Portugal,474,4.6
Belondrade y Lurton,Espagne,13567,4.4
Unico Reserva Especial Edición,Espagne,13025,4.7
Unico,Espagne,45140,4.7
Ribera del Duero,Espagne,69278,4.5
Toro,Espagne,60705,4.4
Tokaji Aszú 6 Puttonyos,Hongrie,2366,4.6
Eszencia,Hongrie,488,4.7
Tokaji Aszú 3 Puttonyos,Hongrie,7080,4.3
Brunate  Barolo,Italie,1289,4.5
La Serra Barolo,Italie,1449,4.4
Rocche dell'Annunziata Torriglione Barolo,Italie,1222,4.5
Barolo Rocche di Castiglione,Italie,1272,4.4
Barolo Riserva Villero,Italie,803,4.6
Brunello di Montalcino,Italie,4357,4.5
Cepparello Red,Italie,12191,4.3
Brunello di Montalcino  Montosoli,Italie,6176,4.4
Réservé Châteauneuf-du-Pape,France,297,4.4
Finca Bella Vista Malbec,Argentine,7663,4.5
Quarz Sauvignon,Italie,8884,4.4
Gewürztraminer Lunare,Italie,2732,4.3
Crichet Pajè Barbaresco,Italie,584,4.5
Belle Epoque Brut Champagne,France,20992,4.5
Corton Grand Cru 'Clos Rognet',France,543,4.4
Pauillac (Grand Cru Classé),France,55808,4.4
Saint-Julien (Grand Cru Classé),France,32627,4.3
Barolo Cerretta,Italie,1921,4.2
Charmes-Chambertin Grand Cru,France,268,4.4
Vintage,France,16918,4.6
Rosé,France,3605,4.6
Collection,France,2184,4.7
Clos du Mesnil,France,2471,4.7
Pauillac (Grand Cru Classé),France,37460,4.4
Flor de Pingus,Espagne,32932,4.5
Cuvée Nicolas François Billecart Brut Champagne,France,6228,4.5
La Grande Dame Brut Champagne,France,17474,4.5
Calcarole Amarone della Valpolicella Classico,Italie,2757,4.6
Chambertin Grand Cru,France,1293,4.3
Montrachet Grand Cru,France,516,4.7
Barolo Riserva Vigna Rionda,Italie,3530,4.3
Saint-Estèphe (Grand Cru Classé),France,35624,4.3
Vintage Port Nacional,Portugal,1122,4.6
Cerretalto Brunello di Montalcino,Italie,5373,4.7
Saint-Julien (Grand Cru Classé),France,28094,4.4
Pomerol,France,10374,4.4
Turriga Isola dei Nuraghi,Italie,14641,4.4
Barolo Riserva Monfortino,Italie,5013,4.7
Barbera d'Alba Vigna Francia,Italie,7315,4.3
Barolo Cascina Francia,Italie,6045,4.5
Barbaresco Gaiun Martinenga,Italie,2298,4.3
Pessac-Léognan (Grand Cru Classé de Graves),France,27316,4.4
Saffredi,Italie,10499,4.4
Brunello di Montalcino Riserva,Italie,3375,4.6
Corton-Charlemagne Grand Cru,France,10296,4.4
Clos des Porrets Nuits-Saint-Georges 1er Cru,France,3063,4.1
Brunello di Montalcino,Italie,7883,4.5
Bonnes-Mares Grand Cru,France,2595,4.5
Luce,Italie,17470,4.4
Luce Brunello di Montalcino,Italie,6544,4.5
Clos des Goisses Champagne,France,4662,4.5
Romanée-Saint-Vivant Grand Cru (Marey-Monge),France,6597,4.7
Amarone della Valpolicella Classico,Italie,8900,4.7
Valpolicella Classico Superiore,Italie,12262,4.5
Veneto Rosso del Bepi,Italie,3747,4.6
Amarone Stella,Italie,533,4.5
Pedro Ximenez Tradición 20 Years Old Vos,Espagne,954,4.5
Clos des Lambrays Grand Cru,France,6431,4.4
Chevalier-Montrachet Grand Cru,France,2340,4.6
Clos de la Roche Grand Cru Cuvée Vieilles Vignes,France,2678,4.4
Brunello di Montalcino,Italie,8356,4.3
Barolo Cannubi,Italie,1852,4.3
Barolo Cerequio,Italie,3839,4.3
Charmes-Chambertin Grand Cru,France,709,4.4
Brut Champagne,France,146377,4.6
Scharzhofberger Riesling Kabinett,Allemagne,3047,4.4
Scharzhofberger Riesling Spätlese,Allemagne,1564,4.4
Buisson Renard,France,2119,4.3
Rocche di Castiglione Barolo,Italie,2397,4.3
Beckstoffer To Kalon Vineyard Cabernet Sauvignon,États-Unis,1557,4.6
Gallina Barbaresco,Italie,1017,4.4
Châteauneuf-du-Pape,France,7544,4.7
Châteauneuf-du-Pape Réservé Blanc,France,668,4.4
Bolgheri Superiore,Italie,14242,4.3
Tessons Clos de Mon Plaisir Meursault,France,761,4.4
Chambertin Grand Cru,France,3401,4.7
Barbaresco Rabajà,Italie,5469,4.3
Harimann Montepulciano d'Abruzzo,Italie,1086,4.4
Côte à Côte Estate,États-Unis,1133,4.4
Amarone della Valpolicella Monte Lodoletta,Italie,7947,4.7
Valpolicella Superiore Monte Lodoletta,Italie,13024,4.5
Recioto della Valpolicella (Monte Lodoletta),Italie,227,4.6
L'Apparita,Italie,3836,4.4
Pommard 1er Cru Les Rugiens-Bas,France,592,4.3
Calle Merlot Rosso Veronese,Italie,1053,4.4
Bonnes Mares Grand Cru,France,452,4.4
Beyond the Clouds,Italie,4760,4.4
Barolo Ciabot Mentin Ginestra,Italie,3525,4.3
Cabernet Sauvignon Coeur De Vallée,États-Unis,544,4.6
Percarlo,Italie,4808,4.3
La Ricolma,Italie,1525,4.2
Lupicaia,Italie,4414,4.4
Cabernet Sauvignon,États-Unis,3087,4.5
Pomerol,France,11885,4.3
Nebro Ribera del Duero,Espagne,647,4.4
L'Extravagant de Doisy-Daëne Sauternes,France,465,4.6
Les Manyes,Espagne,924,4.4
Bonnes-Mares Grand Cru,France,1208,4.5
La Grande Rue Grand Cru Monopole,France,1496,4.4
Chambolle-Musigny Premier Cru Les Charmes,France,364,4.4
Brunello di Montalcino,Italie,2623,4.5
La Cueva del Contador Rioja,Espagne,4013,4.3
Contador Rioja,Espagne,2240,4.6
Maya,États-Unis,1570,4.6
Finca Garbet,Espagne,573,4.6
Quincha Corral,Espagne,1230,4.4
Rioja Reserva,Espagne,13544,4.4
Trasnocho,Espagne,3399,4.5
Chambolle-Musigny,France,3455,4.3
Clos de la Coulée de Serrant,France,8365,4.3
Cuvée Madame Barsac,France,94,4.5
Clos de L'Obac,Espagne,2588,4.4
Miserere,Espagne,1392,4.3
Pomerol,France,13504,4.4
Vosne-Romanée 1er Cru 'Aux Malconsorts',France,681,4.5
Brunello di Montalcino,Italie,5596,4.3
Brunello di Montalcino Riserva,Italie,665,4.5
Vin de Pays de l'Hérault,France,8933,4.5
Cuvée Impériale Châteauneuf-du-Pape,France,1881,4.3
Charmes-Chambertin Grand Cru,France,359,4.4
Chassagne-Montrachet Premier Cru 'Morgeot' Blanc,France,1701,4.4
Pomerol,France,7221,4.4
Saint-Joseph,France,3931,4.3
L'Hermitage,France,8592,4.6
Pomerol,France,12214,4.5
Vecchie Vigne Brunello di Montalcino,Italie,3868,4.3
Vosne-Romanée,France,1030,4.3
Pomerol,France,3509,4.4
Chassagne-Montrachet 1er Cru 'La Maltroie',France,779,4.3
Chateauneuf-du-Pape Réserve des Célestins,France,1633,4.6
Pomerol,France,3377,4.4
Toscana Il Pareto,Italie,3195,4.3
Brunello di Montalcino Riserva,Italie,1825,4.3
Saint-Émilion Grand Cru,France,1527,4.4
Les Grandes Places Côte-Rôtie,France,1316,4.4
La Nieta,Espagne,4508,4.6
Vosne-Romanée Premier Cru Aux Reignots,France,645,4.6
Le Bourg Saumur Champigny,France,1264,4.5
Les Poyeux Saumur Champigny,France,2005,4.5
Continuum Estate,États-Unis,6949,4.6
Charmes-Chambertin Grand Cru,France,277,4.4
Trebbiano d'Abruzzo,Italie,5834,4.4
Montepulciano d'Abruzzo,Italie,1398,4.4
Côte Rôtie La Brocarde,France,278,4.4
FAY Cabernet Sauvignon,États-Unis,10840,4.5
ARTEMIS Cabernet Sauvignon,États-Unis,81351,4.4
S.L.V. Cabernet Sauvignon,États-Unis,6560,4.5
Pomerol,France,9531,4.5
Nuits-Saint-Georges 1er Cru Les Damodes,France,793,4.1
Serral del Vell Brut Nature,Espagne,2418,4.3
Saint-Émilion Grand Cru,France,2829,4.4
Saint-Julien (Grand Cru Classé),France,33618,4.3
Amarone della Valpolicella Classico,Italie,5450,4.3
Campo del Titari Amarone della Valpolicella Classico Riserva,Italie,2946,4.6
Red Blend,Chili,102,4.5
Pauillac (Grand Cru Classé),France,39731,4.4
Brunello di Montalcino Riserva,Italie,306,4.4
Attunga 1865 Shiraz,Australie,371,4.4
Le Mesnil Blanc de Blancs (Cuvée S) Brut Champagne,France,9564,4.7
Amarone della Valpolicella Classico Riserva (Sergio Zenato),Italie,9963,4.5
Château Margaux (Premier Grand Cru Classé),France,45350,4.6
Chambertin Clos de Bèze Grand Cru,France,983,4.4
Chapelle d'Ausone Saint-Émilion Grand Cru,France,1086,4.4
Old Vines Primitivo di Manduria,Italie,20904,4.4
Barolo Riserva Bricco Boschis Vigna San Giuseppe,Italie,4030,4.3
Amarone della Valpolicella,Italie,2680,4.4
Carabantes Syrah,Chili,4523,4.2
Montelìg,Chili,2905,4.4
Toknar,Chili,2033,4.4
Chambertin Grand Cru,France,2542,4.4
Vieille Vigne Griottes-Chambertin Grand Cru,France,257,4.5
Falletto Barbaresco Asili,Italie,3450,4.4
Falletto Barolo Le Rocche del Falletto,Italie,1883,4.5
Falletto Barolo Le Rocche del Falletto Riserva,Italie,622,4.6
Châteauneuf-du-Pape,France,38998,4.4
Chambolle-Musigny Les Baudes,France,525,4.2
Sauternes (Premier Grand Cru Classé),France,19239,4.4
Bolgheri Superiore,Italie,8918,4.4
Alexander Valley Cabernet Sauvignon,États-Unis,46066,4.4
One Point Five Cabernet Sauvignon,États-Unis,16341,4.5
Grange,Australie,24356,4.7
Vintage Port,Portugal,1076,4.3
Comtes de Champagne Blanc de Blancs,France,27449,4.5
Georges De Latour Private Reserve Cabernet Sauvignon,États-Unis,12652,4.4
Barolo Riserva Granbussia,Italie,1728,4.5
Campo León Amarone della Valpolicella,Italie,7778,4.4
Tinto,Espagne,65625,4.4
Dolç de L'Obac,Espagne,440,4.4
Côtes du Rhône,France,8196,4.3
Vacqueyras,France,3412,4.3
Cabernet Sauvignon,États-Unis,2830,4.4
Cabernet Sauvignon,États-Unis,5927,4.6
Mongovone Barbera d'Asti Superiore,Italie,2771,4.3
Barolo Riserva Monprivato Cà d'Morissio,Italie,588,4.6
Tenuta Montebello Picconero,Italie,2011,4.4
Brut Rosé Champagne,France,21147,4.4
Saint-Émilion Grand Cru (Premier Grand Cru Classé),France,28198,4.6
La Chapelle de La Mission Haut-Brion Pessac-Léognan,France,6754,4.2
Pessac-Léognan Blanc (Grand Cru Classé de Graves),France,1206,4.5
Brunello di Montalcino,Italie,9257,4.4
Yarden Katzrin,Israël,894,4.5
Saint-Émilion Grand Cru (Premier Grand Cru Classé),France,6637,4.6
Brunello di Montalcino Riserva,Italie,273,4.4
Brunello di Montalcino,Italie,3836,4.3
Pessac-Léognan (Premier Grand Cru Classé),France,39605,4.6
Hohenmorgen G.C,Allemagne,378,4.4
Kalkofen G.C,Allemagne,188,4.4
Gran Corte (VII),Argentine,15016,4.4
Gran Malbec (X),Argentine,12579,4.3
Saint-Émilion Grand Cru (Premier Grand Cru Classé),France,17090,4.3
Sauternes,France,44126,4.7
Cà Bertoldi Amarone della Valpolicella Classico,Italie,3708,4.3
Toscana,Italie,7434,4.2
Corton-Charlemagne Grand Cru Blanc,France,2453,4.4
Les Noisetiers,États-Unis,7035,4.4
Romanée-Saint-Vivant Grand Cru,France,463,4.5
Cuvée des Cadettes Châteauneuf-du-Pape,France,3283,4.4
Treinta y Dos Pinot Noir,Argentine,3417,4.4
Kairos,Italie,7364,4.4
Amarone della Valpolicella Classico,Italie,1940,4.3
Vürsù Barolo Campè,Italie,6260,4.4
Pomerol,France,3870,4.3
R.D Extra Brut Champagne (Récemment Dégorgé),France,7737,4.6
Pegrandi Amarone della Valpolicella Classico,Italie,1833,4.4
Poggio all'Oro Brunello di Montalcino Riserva,Italie,7033,4.5
Vosne-Romanée Premier Cru Les Suchots,France,522,4.3
Amarone della Valpolicella Classico,Italie,1670,4.3
Vintage Port,Portugal,1972,4.4
Charmes-Chambertin Grand Cru,France,718,4.4
Pieve Santa Restituta Brunello di Montalcino,Italie,21867,4.4
Oreno Toscana,Italie,12407,4.3
Brunello di Montalcino,Italie,5202,4.3
Pomerol,France,32157,4.7
Brunello di Montalcino,Italie,5608,4.3
MV,France,4763,4.5
Saint-Émilion Grand Cru (Grand Cru Classé),France,3498,4.4
Amarone della Valpolicella Classico,Italie,1029,4.4
Campo Inferi Amarone della Valpolicella Classico Riserva,Italie,2112,4.6
Margaux (Grand Cru Classé),France,15699,4.2
Baffonero Maremma Toscana,Italie,1682,4.5
Amarone della Valpolicella,Italie,2610,4.4
Isosceles,États-Unis,18920,4.5
Toscana Rosso,Italie,2799,4.5
Toscana,Italie,2185,4.5
Madonna delle Grazie Brunello di Montalcino,Italie,2747,4.5
Tinto,Espagne,2511,4.4
Château de Cîteaux Meursault 1er Cru 'Charmes' Blanc,France,368,4.4
Saint-Émilion Grand Cru,France,5390,4.6
San Vicente Rioja,Espagne,10701,4.3
Ai Suma Barbera d'Asti,Italie,3012,4.4
Graticciaia,Italie,2451,4.4
Capellanía Reserva,Espagne,7314,4.1
Côtes de Bourg,France,8249,4.4
Sauternes (Premier Grand Cru Classé),France,17293,4.3
Gran Reserva Rioja (Finca Ygay),Espagne,9595,4.3
Valbuena 5º,Espagne,72784,4.6
Ben Ryé Passito di Pantelleria,Italie,21351,4.5
Finca Altamira Malbec,Argentine,8093,4.5
Côte-Rôtie,France,7177,4.4
Saint-Émilion Grand Cru (Premier Grand Cru Classé),France,15671,4.5
Barolo Paiagallo,Italie,1917,4.3
Gratallops Partida Bellvisos,Espagne,627,4.3
Brunello di Montalcino,Italie,1598,4.2
Montrachet Grand Cru,France,495,4.6
Lagrein Riserva Porphyr,Italie,5123,4.4
Clos Sainte Hune Riesling Alsace,France,4106,4.5
Victorino,Espagne,9294,4.3
Giorgio Bartholomäus,Italie,554,4.4
The Laird,Australie,627,4.7
Perpetual,Espagne,3809,4.3
Brunello di Montalcino Riserva,Italie,714,4.4
Clos de Tart Grand Cru Monopole,France,4948,4.5
Vigna Madonna Assunta La Villa Barolo Riserva,Italie,470,4.4
Chambertin-Clos de Bèze Vieilles Vignes Grand Cru,France,358,4.5
Bibbona,Italie,5981,4.5
Musigny Grand Cru (Cuveé Vieilles Vignes),France,3533,4.6
Recioto della Valpolicella Classico,Italie,1045,4.7
Amarone della Valpolicella Classico Riserva,Italie,587,4.8
Rocche dell'Annunziata Barolo Riserva,Italie,1609,4.5
Aquilon Garnacha,Espagne,1343,4.6
Charmes-Chambertin Grand Cru,France,331,4.3
Saint-Émilion Grand Cru (Premier Grand Cru Classé),France,6879,4.4
Réserve Côtes-du-Rhône,France,4027,4.4
Dom Ruinart Blanc de Blancs Brut Champagne,France,18466,4.5
Echezeaux Grand Cru,France,1311,4.5
Brunello di Montalcino Riserva,Italie,1506,4.4
Veneto Alzero Cabernet,Italie,2600,4.7
Pomerol,France,2164,4.7
Meursault 1er Cru 'Perrières',France,342,4.4
Chablis Grand Cru 'Valmur',France,1653,4.5
Pochi Filagn Barbera d'Alba,Italie,410,4.2
Barolo Bussia,Italie,4525,4.4
Barolo Riserva,Italie,12663,4.3
Grands-Échézeaux Grande Cuvée Vieilles Vignes,France,449,4.4
Avizoise Blanc de Blancs Extra Brut Champagne Grand Cru 'Avize',France,1278,4.4
Vintage Port,Portugal,2614,4.5
Poggio Al Vento Brunello di Montalcino Riserva,Italie,4542,4.4
Barolo Monvigliero,Italie,2758,4.3
Bordeaux,France,2246,4.3
Coteau de Vernon Condrieu,France,2015,4.5
Giallo d'Arles Greco di Tufo,Italie,3274,4.3
Brut Rosé Champagne,France,23241,4.4
Vigna Molsino,Italie,2269,4.3
Chassagne-Montrachet Premier Cru Morgeot Marquis de Laguiche ,France,1640,4.5
Brunello di Montalcino Riserva,Italie,801,4.4
Amarone Senza Titolo,Italie,225,4.5
Harlan Estate Red,États-Unis,7231,4.7
Cresasso Corvina Veronese,Italie,2333,4.2
N.P.U. Extra Brut Champagne (Nec Plus Ultra),France,1482,4.5
L'Amarone del Maestro Fornaser,Italie,1031,4.6
Clio,Espagne,24553,4.5
Camí Pesseroles,Espagne,1083,4.5
Gold Series Syrah,États-Unis,477,4.4
Amancio,Espagne,2076,4.5
Douro,Portugal,6214,4.4
Les Beaux Monts Vosne-Romanée 1er Cru,France,787,4.4
V Red,Afrique du Sud,1715,4.4
Domus Aurea Cabernet Sauvignon,Chili,9603,4.4
Lindaflor Blend,Argentine,3550,4.3
Vosne-Romanée 'Les Quartiers de Nuits',France,511,4.3
Pignan Châteauneuf-du-Pape Réserve Rouge,France,1881,4.6
Vosne-Romanée Premier Cru Les Petits Monts,France,105,4.5
Gran Enemigo,Argentine,18739,4.5
Vieilles Vignes Châteauneuf-du-Pape Blanc,France,2587,4.4
Ca’ del Merlo Rosso Veneto,Italie,2198,4.5
Grand Siècle Champagne (Grande Cuvée),France,9824,4.5
Richebourg Grand Cru,France,1296,4.5
Campogiovanni Brunello di Montalcino Riserva Il Quercione,Italie,1107,4.5
Brunello di Montalcino Riserva Madonna del Piano,Italie,3506,4.5
Clos de Bèze Grand Cru,France,635,4.5
Brunello di Montalcino,Italie,828,4.3
Bramare Malbec Uco Valley,Argentine,19752,4.4
Pian delle Vigne Vignaferrovia Brunello di Montalcino Riserva,Italie,2165,4.5
Reserva Ribera del Duero,Espagne,11233,4.3
Douro Pintas Tinto,Portugal,4167,4.5
'Giulio Ferrari' Riserva del Fondatore,Italie,12592,4.6
Vosne-Romanée Premier Cru 'Les Suchots',France,601,4.3
Silex,France,8386,4.5
Cuvée Extase Blanc de Blancs Champagne Grand Cru,France,231,4.2
Brunello di Montalcino Riserva,Italie,333,4.4
Mai The First A.Montes Malbec,Argentine,6379,4.4
Vénus Blanc de Blancs Brut Nature Champagne Grand Cru 'Avize',France,794,4.4
Domaine des Tourettes Hermitage Rouge,France,3806,4.3
Clos de Vougeot Grand Cru,France,467,4.3
Bolgheri Superiore Sondraia,Italie,12843,4.2
Amaya Arzuaga (Colección),Espagne,1179,4.3
Chambolle-Musigny Premier Cru 'Les Feusselottes',France,262,4.4
Montrachet Grand Cru Marquis de Laguiche,France,1970,4.6
Barolo Monprivato,Italie,6966,4.4
Reserve Pinotage,Afrique du Sud,1891,4.4
Chassagne-Montrachet 1er Cru 'Morgeot',France,329,4.4
La Landonne Côte-Rôtie,France,584,4.5
Corton-Charlemagne Grand Cru,France,719,4.6
Nuits-Saint-Georges,France,257,4.4
Rapture Cabernet Sauvignon,États-Unis,2117,4.3
Sauternes,France,938,4.3
Pieve Santa Restituta Sugarille Brunello di Montalcino,Italie,3717,4.5
Amour de Deutz Millésimé Brut Champagne,France,5532,4.5
Chassagne-Montrachet 1er Cru 'Morgeot',France,283,4.4
Millecento Brunello di Montalcino Riserva,Italie,1364,4.6
Brunello di Montalcino Riserva,Italie,339,4.4
Pur Sang,France,3634,4.3
Echezeaux Grand Cru,France,338,4.3
Lodovico,Italie,3860,4.6
Dalmau Rioja,Espagne,7868,4.4
Campo del Drago Brunello di Montalcino,Italie,2854,4.4
Amarone della Valpolicella,Italie,1712,4.3
Riserva vecchie viti dei Capalot e delle Brunate Barolo,Italie,338,4.5
La Mattonara Amarone della Valpolicella Classico Riserva,Italie,1196,4.7
Palazzi Rosso Toscana,Italie,961,4.4
Lilium Est Amarone Della Valpolicella Riserva,Italie,733,4.5
Nuits-Saint-Georges 1er Cru 'Clos des Corvées',France,1245,4.4
Rosé Brut Champagne Grand Cru 'Ambonnay',France,1782,4.4
Alabaster,Espagne,2708,4.6
Gardarèm,France,1308,4.4
Roda I Reserva Rioja,Espagne,22749,4.4
La Grande Dame Brut Rosé Champagne,France,1118,4.6
Red,États-Unis,3639,4.6
Ozanne Blanc de Blancs Brut Champagne Grand Cru 'Avize',France,484,4.5
Clos Vougeot Grand Cru,France,226,4.4
Gevrey Chambertin 1er Cru 'Aux Combottes',France,1002,4.4
Vittorio Moretti,Italie,2025,4.4
Tenuta Guado al Tasso Matarocchio,Italie,1875,4.6
Douro Quinta da Manoella VV Tinto,Portugal,2548,4.3
Vosne-Romanée 1er Cru 'Les Suchots',France,651,4.4
Blueline Estate Cabernet Sauvignon,États-Unis,1321,4.5
Montrachet Grand Cru,France,459,4.7
Primitivo di Manduria,Italie,2011,4.2
Blanc des Millénaires,France,5581,4.6
Brut Rosé Champagne,France,830,4.5
Harlequin,Italie,1276,4.7
Échézeaux Grand Cru,France,359,4.7
Book 17 XVII,Afrique du Sud,814,4.7
Châteauneuf-du-Pape Amiral G,France,536,4.5
Brunello di Montalcino Riserva,Italie,1589,4.6
Sancerre 'Clos la Néore',France,699,4.4
Ares,Australie,1995,4.4
Riesling 'Le Gallais' Wiltinger Braune Kupp Auslese,Allemagne,242,4.5
Lupi Rezerva,Moldavie,7604,4.5
Bâtard-Montrachet Grand Cru,France,347,4.4
Côte-Rôtie La Turque,France,4891,4.6
Meursault 1er Cru 'Les Genevrières',France,606,4.3
Piovesole Amarone della Valpolicella Classico,Italie,868,4.3
Nettare Veneto Bianco,Italie,87,4.6
Cava Celler Batlle,Espagne,1575,4.3
Sous L'Escalier Petite Arvine du Valais,Suisse,164,4.4
Chambolle-Musigny Les Cabottes,France,413,4.4
Tokaji Aszú 5 Puttonyos,Hongrie,649,4.3
Chambolle-Musigny 1er Cru 'Les Amoureuses',France,59,4.5
Charmes-Chambertin Grand Cru Les Mazoyères,France,548,4.4
Clos Vougeot Grand Cru,France,1202,4.4
Moncerbal Bierzo (Corullón),Espagne,1090,4.3
Meursault 1er Cru 'Charmes',France,242,4.3
Puligny-Montrachet Premier Cru Clos du Cailleret,France,395,4.3
Vieux Marc de Bandol,France,102,4.5
Vin Santo di Montepulciano Occhio di Pernice,Italie,1867,4.4
Grace Vineyard Pinot Noir,États-Unis,385,4.5
Barolo Bussia Vigna Munie,Italie,141,4.4
B Bordicon Blend,Afrique du Sud,1088,4.3
Corton-Charlemagne Grand Cru,France,164,4.4
Montrachet Grand Cru,France,269,4.6
VIK,Chili,8493,4.6
Poggio Alle Nane Maremma Toscana,Italie,3509,4.4
Schlehdorn Riesling Trocken,Allemagne,202,4.4
Bâtard-Montrachet Grand Cru,France,214,4.5
Aszú 6 puttonyos,Hongrie,2450,4.5
Brunello di Montalcino,Italie,27452,4.5
Maria Adelaide Barbaresco,Italie,501,4.3
Gran Buig Priorat,Espagne,125,4.6
123 Brunello di Montalcino Riserva,Italie,525,4.4
Faith,Afrique du Sud,1048,4.5
Ice Wine de Purcari,Moldavie,722,4.5
Amarone della Valpolicella,Italie,4014,4.3
Sed de Caná,Espagne,345,4.5
Preta Cuvée David Booth Grande Reserva,Portugal,1507,4.3
Sassella Nuova Regina Riserva,Italie,987,4.3
Bâtard-Montrachet Grand Cru,France,1191,4.6
Nuits-Saint-Georges 1er Cru 'Aux Thorey',France,543,4.4
Saint-Émilion Grand Cru (Premier Grand Cru Classé),France,10699,4.3
Pessac-Léognan (Grand Cru Classé de Graves),France,15975,4.5
Les Riceys Cuvée Cyriès Brut Millesimé Champagne,France,43,4.6
Cuvée Kermesse Rosso,Italie,1153,4.2
Chevalier-Montrachet Grand Cru Blanc,France,1283,4.4
Chambertin Grand Cru,France,354,4.4
Cabernet Sauvignon,États-Unis,2941,4.8
Le Montrachet Grand Cru,France,30,4.5
Brunello di Montalcino Riserva Pian di Conte,Italie,1118,4.3
Colore Toscana,Italie,1415,4.4
Pedrouzos Godello,Espagne,109,4.5
Cerretta Barolo Riserva (Vigna Bricco),Italie,2065,4.5
Magma,Italie,748,4.5
Kevin Arnold Shiraz,Afrique du Sud,6987,4.2
La Faraona Bierzo (Corullón),Espagne,423,4.6
Reserva Particular de Recaredo Gran Reserva Brut Nature,Espagne,923,4.4
Scharzhofberger Riesling Auslese,Allemagne,1666,4.6
Vigneto Bellavista Chianti Classico,Italie,1402,4.4
Barrosu Cannonau di Sardegna Riserva Franzisca,Italie,794,4.4
Son Negre,Espagne,521,4.5
Guglielmi di Jago Amarone della Valpolicella Classico,Italie,408,4.4
Merlot,États-Unis,1922,4.4
Grand Vin Pauillac (Premier Grand Cru Classé),France,38521,4.6
Es Riserva,Italie,371,4.5
Il Ritrovo,Italie,363,4.4
Il Pino di Biserno,Italie,17566,4.3
Howell Mountain Cabernet Sauvignon,États-Unis,6466,4.5
Brunello di Montalcino Riserva,Italie,437,4.4
Il San Lorenzo Bianco,Italie,673,4.5
Riserva Nova Domus Terlaner,Italie,5250,4.3
Pauillac (Premier Grand Cru Classé),France,73615,4.6
Chassagne-Montrachet,France,3269,4.3
Chevalier-Montrachet Grand Cru Les Demoiselles,France,532,4.4
Linticlarus Lagrein Riserva,Italie,1387,4.2
Sir Winston Churchill Brut Champagne,France,12873,4.6
Chambertin-Clos-de-Beze Grand Cru,France,611,4.5
El Carretil,Espagne,748,4.5
d'Alceo,Italie,3133,4.4
Cuvée Risleus Brut Champagne Premier Cru,France,415,4.4
Chardonnay,Australie,201,4.4
Nosotros Single Vineyard Nómade,Argentine,9995,4.6
Chapelle-Chambertin Grand Cru,France,188,4.5
Mazis-Chambertin Grand Cru,France,433,4.4
Tokaji Aszú 6 Puttonyos,Hongrie,439,4.4
Bonnes Mares Grand Cru,France,554,4.5
Vieilles Vignes Mazis-Chambertin Grand Cru,France,218,4.5
Kurni Marche,Italie,10261,4.6
Corton-Charlemagne Grand Cru,France,1045,4.4
Blanc,France,2053,4.3
Corton-Charlemagne Grand Cru,France,1007,4.4
Valdegatiles Ribera del Duero,Espagne,587,4.4
Platinum,Suisse,883,4.3
5 Puttonyos Aszú (Blue Label),Hongrie,11106,4.4
Arborina Barolo,Italie,2527,4.4
Chafandin,Espagne,2570,4.2
Kupra Marche,Italie,637,4.5
Esporão Private Selection Tinto,Portugal,12566,4.3
Reserve,États-Unis,1175,4.6
Gabbro Toscana,Italie,921,4.4
Boal Madeira,Portugal,1023,4.5
Charmes-Chambertin Grand Cru,France,276,4.4
Bienvenues-Bâtard-Montrachet Grand Cru,France,480,4.5
Bâtard-Montrachet Grand Cru,France,1182,4.5
Il 'Divasco' Riserva,Italie,255,4.4
Meursault 1er Cru 'Genevrières' Blanc,France,311,4.5
Clos de la Roche Grand Cru,France,429,4.4
Corton-Bressandes Grand Cru,France,861,4.4
Brunello di Montalcino Riserva,Italie,330,4.4
Puligny-Montrachet Premier Cru Les Combettes,France,582,4.4
Pingus,Espagne,6013,4.6
Corton-Charlemagne Grand Cru,France,178,4.4
Evenstad Reserve Pinot Noir,États-Unis,11531,4.4
The Mackenzie,Afrique du Sud,1220,4.4
Musigny Grand Cru,France,171,4.4
Clos de Vougeot,France,608,4.4
Opus One,États-Unis,77053,4.6
40 Anos Tawny Port,Portugal,57,4.6
Tokaji Aszú 5 Puttonyos,Hongrie,5449,4.5
Les Sentiers Chambolle-Musigny 1er Cru,France,1253,4.4
Macán Clásico,Espagne,16525,4.3
Amarone della Valpolicella Riserva,Italie,958,4.4
Amarone della Valpolicella Vigna Garzon,Italie,4227,4.4
Mendoza,Argentine,19849,4.4
Domaine Grand Veneur Châteauneuf-Du-Pape Vieilles Vignes,France,875,4.3
Corton-Charlemagne Grand Cru,France,708,4.4
Ribolla Gialla,Italie,7018,4.3
Charmes-Chambertin Grand Cru,France,170,4.4
Vin de Constance (Natural Sweet),Afrique du Sud,13210,4.6
50 & 50,Italie,9157,4.4
Pinotage,Afrique du Sud,2063,4.4
Les Clos Chablís Grand Cru,France,1750,4.5
Cream Tradición Vos 20 Years,Espagne,623,4.4
La Poza de Ballesteros,Espagne,987,4.4
Amarone Della Valpolicella Marta Galli,Italie,1085,4.2
Campo Alla Sughera,Italie,888,4.4
Montefico Barbaresco Vecchie Viti,Italie,581,4.4
Macán,Espagne,14368,4.4
Brunello di Montalcino Riserva Pianrosso Santa Caterina d'Oro,Italie,1971,4.5
Morey-Saint-Denis Tres Girard,France,339,4.4
Vürsù Barbaresco Gallina,Italie,4262,4.4
Champagne,France,1021,4.5
Barón de Chirel Rioja Reserva,Espagne,8578,4.4
Recioto della Valpolicella Classico Riserva,Italie,27,4.5
Vieilles Vignes Meursault,France,1426,4.2
Red,Chili,1297,4.1
Novicium Estate,États-Unis,495,4.4
Barolo Bussia Cicala,Italie,3346,4.4
30 Year Old Tawny Port,Portugal,602,4.4
Valdegines,Espagne,2594,4.2
One Sixteen Chardonnay,États-Unis,1753,4.4
Asili Barbaresco Vecchie Viti,Italie,668,4.4
Gaudium,Espagne,7414,4.3
Hommage à Jacques Perrin Châteauneuf-du-Pape,France,6121,4.5
Rujno Rosso,Italie,532,4.5
Volnay 1er Cru Les Caillerets,France,591,4.3
Le Lucére Brunello di Montalcino Riserva,Italie,213,4.4
Brut Rosé Champagne,France,13747,4.6
Mazis-Chambertin Grand Cru Cuvée Madeleine Collignon,France,1016,4.4
Rubicon,États-Unis,6421,4.6
Mark Bradford Vineyard Pinot Noir,États-Unis,254,4.5
Barolo Brunate,Italie,1482,4.3
V.P Extra Brut Champagne Grand Cru 'Ambonnay',France,2079,4.4
Vigna Colonnello Barolo Riserva Bussia,Italie,957,4.4
Chablis Grand Cru 'Les Clos',France,173,4.4
Barolo Riserva Leon,Italie,948,4.4
Historical XIXth Century Wine,France,807,4.4
Duemani Cabernet Franc,Italie,2339,4.4
Kapnios Aglianico,Italie,1134,4.5
Brut Champagne (Gold),France,3874,4.4
Memorias,Chili,15980,4.3
Barolo Riserva Speciale Granbussia,Italie,56,4.5
Aszú 6 Puttonyos Tokaj,Hongrie,54,4.6
Aile d'Argent Blanc Bordeaux,France,4790,4.2
Mazis-Chambertin Grand Cru,France,1121,4.4
Lupi e Sirene Riserva,Italie,1292,4.5
Amarone Classico Monte Danieli,Italie,504,4.4
Fusion V,Afrique du Sud,12877,4.4
Grands-Échezeaux Grand Cru,France,544,4.4
Don PX Selección,Espagne,326,4.5
Amarone della Valpolicella Classico Mater,Italie,739,4.5
Musigny Grand Cru,France,128,4.6
Don PX Convento Selección,Espagne,1224,4.7
Saint-Émilion Grand Cru,France,589,4.4
Gaia & Rey Langhe,Italie,5909,4.5
Le Montrachet Grand Cru,France,236,4.5
Aszú Eszencia,Hongrie,283,4.5
Ginés Liébana Pedro Ximénez,Espagne,120,4.6
Pieve Santa Restituta Rennina Brunello di Montalcino,Italie,3393,4.5
Toscana,Italie,16284,4.7
Fanòi Primitivo,Italie,695,4.4
Grande Cuvée I Terlaner,Italie,411,4.5
MV Rosé,France,588,4.5
Predappio Massera,Italie,161,4.4
Palo Cortado Añada,Espagne,27,4.6
VT Vendemmia Tardiva,Italie,1096,4.4
Ermitage l'Ermite Blanc,France,296,4.5
Mossone,Italie,892,4.4
Palo Cortado Tradición Vors 30 Years Sherry,Espagne,1050,4.4
Gorgona,Italie,592,4.4
Cuvée Ernest Riesling Alsace Sélection de Grains Nobles,France,68,4.5
Chateauneuf-Du-Pape Cuvée Des Générations Marie Leoncie,France,1041,4.4
CASK 23 Cabernet Sauvignon,États-Unis,9464,4.6
Amarone della Valpolicella,Italie,1292,4.4
Negru de Purcari Limited Edition,Moldavie,970,4.5
Cuve 38 Blanc de Blancs Champagne (La Réserve Perpétuelle),France,149,4.6
Ferro,Italie,499,4.5
Les Boudots Nuits-Saint-Georges 1er Cru,France,339,4.4
Vignes Centenaires 'La Richemone',France,182,4.4
Pietro Dal Cero Amarone della Valpolicella,Italie,6424,4.5
Le Petit Mouton de Mouton Rothschild Pauillac,France,8214,4.4
Vin de Paille,France,35,4.5
Brunello di Montalcino,Italie,1365,4.5
Pour Vous Sancerre,France,125,4.5
Red,Chili,4933,4.6
Cabernet Sauvignon,États-Unis,152,4.6
Ulysses,États-Unis,1980,4.3
Octavius Amarone della Valpolicella Riserva,Italie,450,4.6
Amour de Deutz Millesimé Rosé Brut Champagne,France,536,4.5
Mazzano Amarone Della Valpolicella Classico,Italie,3276,4.5
Au Paradis Cabernet Sauvignon,États-Unis,3004,4.6
Castellberg Pinot Noir,Allemagne,187,4.4
Ciliegio Amarone della Valpolicella,Italie,76,4.5
P2 Plénitude Brut Champagne,France,7543,4.7
Cěrǎsum Riserva Amarone della Valpolicella,Italie,460,4.4
Barolo Cerretta,Italie,684,4.6
Pomerol,France,4641,4.3
Vosne-Romanée 1er Cru Aux Malconsorts Christiane,France,309,4.5
Aegusa,Italie,81,4.6
888 Pinotage Gold,Afrique du Sud,234,4.6
Scharzhofberger Riesling Eiswein,Allemagne,30,4.7
Παλιές Ρίζες (Palies Rizes),Grèce,313,4.4
Roccolo Ludwig Barth von Barthenau,Italie,155,4.4
Barolo Cannubi,Italie,1801,4.2
Graal Amarone della Valpolicella Valpantena,Italie,328,4.4
Mas Via Gran Reserva Brut,Espagne,408,4.5
The Black Lion,Afrique du Sud,476,4.7
Semel Pater,Italie,710,4.4
Cuvée des Enchanteleurs Brut Champagne,France,1732,4.5
6 Anime Puglia Rosso,Italie,2476,4.3
Tourmaline Pomerol,France,237,4.5
Saperavi,Moldavie,4745,4.4
Fort Ross Seaview Home Field Pinot Noir,États-Unis,483,4.4
La Vina de Corteo,Espagne,374,4.7
Dogs of the Barossa Shiraz,Australie,264,4.4
Brunello di Montalcino Riserva,Italie,461,4.4
Royal St Robert Cuvée Pinot Noir,États-Unis,2099,4.3
Vigna Grande Cerzito Taurasi Riserva,Italie,581,4.5
Rutherford Cabernet Sauvignon,États-Unis,655,4.3
Les Blanchiens Brut Nature Champagne Premier Cru,France,590,4.4
Habemus Lazio Rosso (Etichetta Rossa),Italie,298,4.5
Nebukadnesar,Afrique du Sud,3609,4.4
Pandorga,Espagne,148,4.4
Vin de Pays de l'Hérault Blanc,France,1209,4.6
Pajè Barbaresco,Italie,1910,4.3
Chemin du Bois Champagne,France,184,4.4
Brunello di Montalcino Riserva,Italie,351,4.4
Helichrysum Brunello di Montalcino,Italie,1370,4.4
Gran VU Blend,Argentine,2773,4.5
Cosimo Varvaglione Collezione Privata Primitivo di Manduria,Italie,5016,4.5
A50 Amarone della Valpolicella,Italie,100,4.6
Toscana Bianco,Italie,833,4.5
Bruno Lunelli Riserva,Italie,96,4.5
Croce Del Gal Riserva Amarone della Valpolicella Classico,Italie,188,4.6
Altura Máxima Malbec,Argentine,2168,4.4
Pessac-Léognan Blanc (Grand Cru Classé de Graves),France,1182,4.3
Altagracia Cabernet Sauvignon,États-Unis,3083,4.4
Annonciade Champagne,France,137,4.3
Fieramonte Amarone della Valpolicella Riserva,Italie,315,4.7
Alpine Hillside Pinot Noir,États-Unis,46,4.5
Barolo Riserva,Italie,265,4.4
Fino La Barajuela,Espagne,222,4.4
Grand Vin,Espagne,343,4.4
Cosimo Varvaglione Collezione Privata Negroamaro del Salento,Italie,826,4.3
Barolo Riserva Cannubi 1752,Italie,451,4.5
Museum Collection White,Grèce,297,4.4
Colheita Porto,Portugal,741,4.4
Brunello di Montalcino,Italie,2592,4.3
Puligny-Montrachet Premier Cru ' Clos de la Truffière',France,475,4.4
Lion Tamer Napa Valley Red Blend,États-Unis,4981,4.3
Cannubi Barolo,Italie,228,4.5
Per Sempre Syrah Toscana,Italie,711,4.5
Belles Soeurs Cuvée Pinot Noir,États-Unis,229,4.4
Les Ouvrées Rodin Chambertin-Clos de Bèze Grand Cru,France,33,4.5
Adrianna Vineyard Fortuna Terrae Malbec,Argentine,2589,4.5
Adrianna Vineyard Mundus Bacillus Terrae Malbec,Argentine,1358,4.6
Barbaresco Asili,Italie,710,4.4
Grands-Echezeaux Grand Cru,France,432,4.4
Trebbiano d'Abruzzo,Italie,140,4.4
The Journeyman,Afrique du Sud,231,4.6
Le Petit Cheval Bordeaux Blanc,France,782,4.4
Bassolino di Sopra Brunello di Montalcino,Italie,174,4.6
Regina del Bosco R.Quarantottomesi,Italie,109,4.5
40 Years Old Port,Portugal,37,4.5
Cinque Autoctoni Collection Limited Release,Italie,4281,4.4
Valmezzane Amarone della Valpolicella,Italie,799,4.4
Quarto Vecchio Amarone della Valpolicella Classico Riserva,Italie,292,4.5
Pym-Rae Red Blend,États-Unis,273,4.5
Amarone della Valpolicella,Italie,749,4.5
Zeltinger Sonnenuhr Beerenauselese Riesling,Allemagne,49,4.5
Bure Alto Amarone  della Valpolicella Classico Riserva,Italie,132,4.6
Clos Saint-Denis Grand Cru,France,40,4.6
Il Bacca Old Vine Primitivo di Manduria,Italie,2933,4.4
Kalós Cru Gran Reserva Malbec,Argentine,3351,4.5
La Piu Belle,Chili,13420,4.6
Charmes-Chambertin Grand Cru,France,33,4.5
Quiñon de Valmira,Espagne,377,4.6
Chambertin Grand Cru,France,188,4.5
Marmar,Allemagne,514,4.5
TD9,États-Unis,6056,4.3
Mironia Black Edition Tempranillo,Espagne,187,4.5
40 Years Old Tawny Port,Portugal,357,4.4
Rioja Reserva 10 Años Después Edición Limitada,Espagne,1093,4.4
Mágico,Espagne,146,4.8
Peña Lobera,Espagne,234,4.4
Reserve Chardonnay,Afrique du Sud,396,4.5
Carmin,France,931,4.4
Colheita Porto Branco,Portugal,65,4.6
Falletto Barbaresco Rabaja,Italie,448,4.4
Arché,Portugal,429,4.4
Touran,Espagne,274,4.6
Collection Vintage 2000 Brut,France,58,4.6
Secentenario,Italie,96,4.6
Puligny-Montrachet 1er Cru 'Les Champs Gains',France,429,4.4
Dona Ermelinda Grande Reserva,Portugal,933,4.4
Cuvée des Hussards Vieilles Vignes Brut Champagne Premier Cru,France,47,4.5
Eight Years In The Desert,États-Unis,27195,4.4
Librante Primitivo di Manduria,Italie,491,4.4
Winemaker's Selection,Croatie,292,4.3
LR,Italie,503,4.5
Zeltinger Sonnenuhr Beerenauslese,Allemagne,44,4.7
Limited Edition 10 Vendemmie,Italie,9453,4.5
Champ Cain Extra Brut Champagne Grand Cru 'Avize',France,234,4.4
Charlemagne Grand Cru,France,201,4.5
Graacher Himmelreich Riesling Auslese 'Goldkapsel',Allemagne,119,4.6
Les Ruchons Sancerre Blanc,France,269,4.4
VV 26 Blanc de Blancs Vieilles Vignes Grand Cru Brut,France,314,4.5
El Escolladero,Espagne,161,4.4
110 e Lode Merlot,Italie,174,4.4
Guerriero della Terra,Italie,10185,4.4
80 Vecchie Vigne Primitivo di Manduria Old Vines,Italie,2476,4.4
Rioja Blanco Reserva,Espagne,361,4.4
Fratini Bolgheri Superiore,Italie,153,4.8
Bual Madeira,Portugal,187,4.4
Cuvée N Viñas Viejas,Espagne,263,4.5
Lux Vitis,Italie,530,4.5
Collina Rionda di Serralunga Barolo,Italie,156,4.5
Vigne Vecchie Gold Series Leggenda Primitivo di Manduria,Italie,3121,4.3
De Buris Amarone della Valpolicella Classico Riserva,Italie,574,4.7
'Giulio Ferrari' Riserva del Fondatore Rosé,Italie,308,4.5
Ampio,Italie,481,4.6
Permassimo,Italie,186,4.7
Denarius Graves,France,129,4.5
Raut Lagrein,Italie,58,4.5
Corton-Charlemagne Grand Cru,France,35,4.6
Hyde Vineyard Chardonnay,États-Unis,265,4.4
Bienvenues-Bâtard-Montrachet Grand Cru,France,76,4.6
Delicado Cosecha Pedro Ximénez,Espagne,870,4.4
Estate Reserve Viognier,Afrique du Sud,257,4.4
Carpathia Heritage,Roumanie,166,4.4
Gorgona Rosso,Italie,119,4.5
50 Old Vines Vecchie Vigne Negroamaro,Italie,510,4.4
Maggiarino Vino Nobile di Montepulciano,Italie,555,4.3
Interpretación,Espagne,2760,4.4
Vinha Centenaria Branco,Portugal,281,4.4
Grande Cuvée,France,28513,4.6
Hérédita Châteauneuf-du-Pape,France,185,4.5
Perpiero,Italie,351,4.6
Guerriero del Mare,Italie,3290,4.4
Rocche dell'Annunziata Barolo,Italie,218,4.5
Cristal Vinothèque,France,426,4.7
Cristal Rosé Vinothèque,France,88,4.8
Minami,Espagne,246,4.4
Clos de Tart Grand Cru,France,214,4.6
Vinhas Velhas Tinto,Portugal,736,4.5
Cabochon Doppio Zero,Italie,217,4.5
Annunziata Barolo Riserva,Italie,138,4.4
NŌ Rosso,Italie,297,4.5
Freienfeld Cabernet Sauvignon Riserva,Italie,173,4.4
Vigna del Suolo Brunello di Montalcino,Italie,201,4.5
Vite Talin Barolo,Italie,131,4.5
RWT Bin 798 Shiraz,Australie,1975,4.4
Barolo Arione,Italie,259,4.6
Grenache,États-Unis,34,4.5
Rosso,Italie,88,4.5
Charity Edition Nebbiolo d'Alba Arione,Italie,29,4.5
Nuits-Saint-Georges 1er Cru 'Aux Murgers',France,40,4.5
Gallina Barbaresco,Italie,219,4.4
Terrasse à l'Ombre Côtes du Rhône,France,819,4.5
Lithology Cabernet Sauvignon,États-Unis,148,4.6
Glesie Climat,Italie,37,4.6
Petrucci Melo,Italie,61,4.5
Oh Carlos Manuel! Tinto,Portugal,58,4.5
Boghis Climat,Italie,27,4.5
Giunonico Riserva Primitivo di Manduria,Italie,460,4.4
Fossati Barolo,Italie,116,4.5
Ipsus Chianti Classico Gran Selezione,Italie,185,4.4
Old Vines Malbec,Argentine,667,4.2
Cannubi Barolo,Italie,82,4.4
Bentrock Vineyard Chardonnay,États-Unis,118,4.5
Barbaresco Albesani,Italie,183,4.5
Los Jabalíes Single Vineyard Malbec,Argentine,284,4.4
Red Blend,États-Unis,457,4.5
Étoile Rosé,France,183,4.5
Dieci Brunello di Montalcino,Italie,43,4.6
Fleur de Miraval Exclusivement Rosé Champagne,France,304,4.4
EABA,États-Unis,151,4.6
Petracs Furmint,Hongrie,200,4.4
Todeschini Distique Saint-Émilion Grand Cru,France,185,4.4
Trittenheimer Apotheke,Allemagne,27,4.5
Ligne de Crete Les Grandes Vignes Hermitage,France,76,4.7
Os Paulistas Chão dos Eremitas Vinhas Velhas,Portugal,334,4.4
Tinto,Espagne,803,4.4
Duna Mirante Primitivo di Manduria,Italie,96,4.5
Crescendo,Afrique du Sud,1347,4.3
Triglia Negroamaro Rosato,Italie,278,4.4
Batard-Montrachet Grand Cru,France,34,4.8
Luminaria Primitivo di Manduria,Italie,563,4.4
Vieilles Vignes La Parcelle 8 Apalta,Chili,184,4.4
Single Barrel Champagne Grand Cru 'Le Mesnil-sur-Oger',France,34,4.6
Tinto,Espagne,203,4.4
Grande Cuvée Luigi Moio,Italie,80,4.6
Vinha dos Utras,Portugal,65,4.5
Tinto,Espagne,585,4.5
802.A Superblend,Australie,66,4.5
Clos Le Léon Dizy Champagne,France,53,4.5
Rocche di Castiglione Barolo,Italie,131,4.5
Elevage Branco,Portugal,53,4.5
Moss Blanc Verdicchio dei Castelli di Jesi Classico Superiore,Italie,94,4.6
Academia Purcari Rară Neagră,Moldavie,73,4.5
Paralupi Appassimento,Italie,575,4.4
Collection Fût de Chêne Brut Champagne Grand Cru 'Ay',France,58,4.5
